id,name,latitude,longitude,parent_id,people_count,has_child
CN11,北京市,39.911015,116.41355,CN,506,true
CN110114,昌平区,40.226486,116.2379,CN1101,58,true
CN110115,大兴区,39.732494,116.34821,CN1101,5,true
CN120225,蓟县,40.051476,117.41487,CN1202,57,true
CN130121,井陉县,38.03833,114.15179,CN1301,12,true
CN130123,正定县,38.15219,114.57744,CN1301,103,true
CN130133,赵县,37.761967,114.78276,CN1301,156,true
CN130322,昌黎县,39.719193,119.16926,CN1303,63,true
CN130324,卢龙县,39.897858,118.89943,CN1303,58,true
CN1304,邯郸市,36.63122,114.54581,CN13,34,true
CN130423,临漳县,36.340813,114.62598,CN1304,48,true
CN130425,大名县,36.291267,115.154495,CN1304,202,true
CN130426,涉县,36.591133,113.697235,CN1304,7,true
CN130429,永年县,36.784,114.49736,CN1304,150,true
CN130432,广平县,36.489735,114.95491,CN1304,4,true
CN130434,魏县,36.366062,114.945274,CN1304,5,true
CN1305,邢台市,37.076645,114.51089,CN13,37,true
CN130534,清河县,37.046196,115.67358,CN1305,101,true
CN130607,满城区,38.95526,115.328545,CN1306,0,true
CN130633,易县,39.35491,115.505066,CN1306,38,true
CN130634,曲阳县,38.628395,114.751465,CN1306,17,true
CN130681,涿州市,39.49096,115.98101,CN1306,260,true
CN130928,吴桥县,37.634014,116.397934,CN1309,12,true
CN130984,河间市,38.451138,116.10563,CN1309,110,true
CN1311,衡水市,37.745167,115.67694,CN13,12,true
CN131127,景县,37.69865,116.277016,CN1311,117,true
CN131181,冀州区,37.555588,115.59813,CN1311,121,true
CN131182,深州市,38.00656,115.566376,CN1311,31,true
CN139001,定州市,38.46584,115.0574,CN139,166,true
CN14,山西省,37.87976,112.56909,CN,39,true
CN1401,太原市,37.876884,112.55706,CN14,352,true
CN140110,晋源区,37.721123,112.48426,CN1401,56,true
CN1404,长治市,36.201584,113.12305,CN14,107,true
CN1405,晋城市,35.496082,112.857704,CN14,66,true
CN140602,朔城区,39.32549,112.439514,CN1406,39,true
CN140725,寿阳县,37.90119,113.18307,CN1407,9,true
CN140727,祁县,37.363995,112.34151,CN1407,81,true
CN140825,新绛县,35.622444,111.23111,CN1408,53,true
CN140830,芮城县,34.699337,110.701035,CN1408,23,true
CN140881,永济市,34.87289,110.45431,CN1408,211,true
CN140882,河津市,35.602154,110.71843,CN1408,36,true
CN140923,代县,39.07272,112.966515,CN1409,78,true
CN141,临汾市,36.09405,111.52615,CN14,137,true
CN141182,汾阳市,37.27111,111.794365,CN1411,68,true
CN141182200,西河乡,37.277447,111.782265,CN141182,9,false
CN1501,呼和浩特市,40.84746,111.758514,CN15,0,true
CN150622,准格尔旗,39.8706,111.24627,CN1506,3,true
CN152923,额济纳旗,41.960693,101.06192,CN1529,0,true
CN2113,朝阳市,41.579487,120.4573,CN21,7,true
CN3201,南京市,32.064735,118.802895,CN32,647,true
CN320115,江宁区,31.958487,118.84659,CN3201,51,true
CN3202,无锡市,31.496704,120.318954,CN32,1323,true
CN320282,宜兴市,31.346071,119.83007,CN3202,529,true
CN3203,徐州市,34.210144,117.29235,CN32,73,true
CN320321,丰县,34.699722,116.601906,CN3203,26,true
CN320322,沛县,34.727318,116.94412,CN3203,21,true
CN320382,邳州市,34.340878,118.019066,CN3203,25,true
CN3204,常州市,31.816792,119.98014,CN32,989,true
CN320413,金坛区,31.740503,119.58468,CN3204,174,true
CN320481,溧阳市,31.421755,119.49111,CN3204,123,true
CN3205,苏州市,31.304565,120.589615,CN32,2167,true
CN3208,淮安市,33.616272,119.02243,CN32,118,true
CN320804,淮阴区,33.6381,119.04132,CN3208,23,true
CN320826,涟水县,33.787174,119.267334,CN3208,18,true
CN320830,盱眙县,33.017143,118.55143,CN3208,38,true
CN321,扬州市,32.39986,119.419106,CN32,330,true
CN321023,宝应县,33.247215,119.36497,CN321,94,true
CN321084,高邮市,32.786777,119.4622,CN321,115,true
CN3211,镇江市,32.195686,119.431496,CN32,284,true
CN321181,丹阳市,32.01539,119.613434,CN3211,233,true
CN321183,句容市,31.951147,119.17507,CN3211,92,true
CN3301,杭州市,30.28006,120.16169,CN33,1838,true
CN330109,萧山区,30.19144,120.27104,CN3301,146,true
CN330111,富阳区,30.001095,119.846695,CN3301,108,true
CN330122,桐庐县,29.798851,119.6981,CN3301,84,true
CN330182,建德市,29.481104,119.287605,CN3301,90,true
CN330182109,寿昌镇,29.36476,119.2288,CN330182,0,false
CN3302,宁波市,29.880177,121.55669,CN33,158,true
CN3303,温州市,28.001095,120.70587,CN33,468,true
CN330382,乐清市,28.119019,120.98987,CN3303,4,true
CN330424,海盐县,30.5318,120.95223,CN3304,352,true
CN3305,湖州市,30.899015,120.09457,CN33,720,true
CN330521,德清县,30.548828,119.984,CN3305,252,true
CN330522,长兴县,31.032625,119.9166,CN3305,147,true
CN3306,绍兴市,30.036518,120.58667,CN33,959,true
CN330681,诸暨市,29.719992,120.24272,CN3306,151,true
CN330683,嵊州市,29.594696,120.82814,CN3306,128,true
CN3307,金华市,29.084455,119.65403,CN33,157,true
CN330782,义乌市,29.311325,120.08126,CN3307,126,true
CN3308,衢州市,28.941662,118.88077,CN33,136,true
CN331082,临海市,28.86405,121.151535,CN331,261,true
CN340124,庐江县,31.273693,117.33217,CN3401,95,true
CN340221,芜湖县,31.141039,118.58173,CN3402,5,true
CN340223,南陵县,30.92091,118.34047,CN3402,45,true
CN340321,怀远县,32.976006,117.21165,CN3403,30,true
CN340521,当涂县,31.575548,118.5044,CN3405,122,true
CN340523,和县,31.716473,118.293884,CN3405,82,true
CN340826,宿松县,30.15962,116.13572,CN3408,33,true
CN341,黄山市,29.721365,118.34509,CN34,46,true
CN3411,滁州市,32.308167,118.32325,CN34,38,true
CN3412,阜阳市,32.895878,115.82139,CN34,66,true
CN3413,宿州市,33.652035,116.97045,CN34,5,true
CN341302,埇桥区,33.646175,116.98376,CN3413,22,true
CN341321,砀山县,34.4469,116.37258,CN3413,14,true
CN3416,亳州市,33.850773,115.78577,CN34,116,true
CN3417,池州市,30.67098,117.49784,CN34,109,true
CN341702,贵池区,30.692677,117.57382,CN3417,5,true
CN341722,石台县,30.216589,117.492584,CN3417,21,true
CN341723,青阳县,30.645681,117.85392,CN3417,71,true
CN3418,宣城市,30.946575,118.7652,CN34,27,true
CN341802,宣州区,30.951982,118.762886,CN3418,290,true
CN341823,泾县,30.694698,118.42613,CN3418,153,true
CN3501,福州市,26.080446,119.30294,CN35,1304,true
CN350426,尤溪县,26.176353,118.19693,CN3504,16,true
CN350427,沙县,26.401892,117.79924,CN3504,42,true
CN350583,南安市,24.966064,118.39284,CN3505,97,true
CN3507,南平市,26.647661,118.1843,CN35,71,true
CN350781,邵武市,27.346636,117.49895,CN3507,162,true
CN350783,建瓯市,27.028915,118.31144,CN3507,327,true
CN3601,南昌市,28.687675,115.864525,CN36,317,true
CN360222,浮梁县,29.357681,117.221695,CN3602,84,true
CN3604,九江市,29.711329,116.007996,CN36,89,true
CN360430,彭泽县,29.90215,116.55562,CN3604,34,true
CN3607,赣州市,25.83718,114.94126,CN36,58,true
CN360703,南康区,25.832943,114.71256,CN3607,18,true
CN3608,吉安市,27.119751,115.00027,CN36,104,true
CN360828,万安县,26.463924,114.792725,CN3608,59,true
CN3609,宜春市,27.82009,114.42268,CN36,86,true
CN361,抚州市,27.953604,116.364624,CN36,127,true
CN361021,南城县,27.574743,116.64415,CN361,228,true
CN3611,上饶市,28.460863,117.95003,CN36,62,true
CN361126,弋阳县,28.383509,117.45472,CN3611,41,true
CN361127,余干县,28.707773,116.7022,CN3611,75,true
CN3701,济南市,36.671627,117.00132,CN37,166,true
CN370124,平阴县,36.295033,116.46261,CN3701,26,true
CN370684,蓬莱市,37.816563,120.76538,CN3706,51,true
CN3707,潍坊市,36.71321,119.16814,CN37,42,true
CN3708,济宁市,35.42027,116.59385,CN37,109,true
CN370812,兖州区,35.574017,116.75414,CN3708,81,true
CN370828,金乡县,35.07259,116.31801,CN3708,28,true
CN370830,汶上县,35.73879,116.49566,CN3708,39,true
CN370881,曲阜市,35.587086,116.9929,CN3708,363,true
CN3709,泰安市,36.205906,117.094894,CN37,22,true
CN370923,东平县,35.94278,116.47684,CN3709,194,true
CN3714,德州市,37.441315,116.36582,CN37,71,true
CN3715,聊城市,36.46268,115.99208,CN37,53,true
CN371524,东阿县,36.340984,116.25423,CN3715,23,true
CN371625,博兴县,37.15897,118.117455,CN3716,26,true
CN371721,曹县,34.83174,115.5486,CN3717,105,true
CN371722,单县,34.800106,116.09382,CN3717,42,true
CN371727,定陶县,35.077225,115.579414,CN3717,29,true
CN41,河南省,34.772022,113.759605,CN,17,true
CN4101,郑州市,34.753487,113.63135,CN41,26,true
CN410181,巩义市,34.754177,113.02849,CN4101,24,true
CN410182,荥阳市,34.79384,113.38991,CN4101,129,true
CN410185,登封市,34.459774,113.0567,CN4101,24,true
CN4102,开封市,34.80294,114.3139,CN41,768,true
CN410204,鼓楼区,34.82978,114.347336,CN4102,22,true
CN410221,杞县,34.555996,114.78942,CN4102,122,true
CN4103,洛阳市,34.624374,112.46003,CN41,690,true
CN410323,新安县,34.73387,112.13903,CN4103,29,true
CN410325,嵩县,34.140835,112.09211,CN4103,22,true
CN410327,宜阳县,34.52111,112.18564,CN4103,17,true
CN410328,洛宁县,34.394855,111.65972,CN4103,17,true
CN410381,偃师市,34.733925,112.796074,CN4103,43,true
CN410422,叶县,33.632626,113.36395,CN4104,17,true
CN410423,鲁山县,33.74482,112.91445,CN4104,26,true
CN410482,汝州市,34.17293,112.85092,CN4104,36,true
CN410482103,临汝镇,34.26471,112.610146,CN410482,0,false
CN4105,安阳市,36.10365,114.3996,CN41,140,true
CN410526,滑县,35.58118,114.525856,CN4105,58,true
CN410527,内黄县,35.952793,114.90596,CN4105,27,true
CN410621,浚县,35.681885,114.55739,CN4106,34,true
CN410622,淇县,35.613647,114.20421,CN4106,16,true
CN4107,新乡市,35.30897,113.93335,CN41,8,true
CN410727,封丘县,35.04685,114.42522,CN4107,14,true
CN410728,长垣县,35.20619,114.67547,CN4107,67,true
CN410823,武陟县,35.105858,113.40823,CN4108,54,true
CN410882,沁阳市,35.093594,112.957115,CN4108,110,true
CN410883,孟州市,34.91365,112.79774,CN4108,48,true
CN4109,濮阳市,35.767586,115.03592,CN41,3,true
CN411,许昌市,34.041737,113.8588,CN41,75,true
CN411025,襄城县,33.856983,113.51312,CN411,65,true
CN411082,长葛市,34.223034,113.77469,CN411,25,true
CN411103,郾城区,33.59337,114.01303,CN4111,20,true
CN4112,三门峡市,34.778442,111.20683,CN41,5,true
CN411222,陕县,34.72676,111.10983,CN4112,51,true
CN411282,灵宝市,34.523087,110.90097,CN4112,93,true
CN411282104,故县镇,34.549175,110.55853,CN411282,0,false
CN4113,南阳市,32.9967,112.53501,CN41,182,true
CN411323,西峡县,33.31191,111.47884,CN4113,1,true
CN411325,内乡县,33.051132,111.85568,CN4113,18,true
CN411381,邓州市,32.694084,112.09378,CN4113,59,true
CN4114,商丘市,34.42038,115.662796,CN41,75,true
CN4115,信阳市,32.153187,114.099266,CN41,51,true
CN411526,潢川县,32.137577,115.05776,CN4115,64,true
CN411626,淮阳区,33.737244,114.89273,CN4116,113,true
CN411726,泌阳县,32.72983,113.33365,CN4117,15,true
CN411729,新蔡县,32.755333,114.99218,CN4117,15,true
CN419001,济源市,35.07287,112.609314,CN419,31,true
CN4201,武汉市,30.598429,114.31183,CN42,30,true
CN420106,武昌区,30.559628,114.32254,CN4201,120,true
CN4205,宜昌市,30.697601,111.29297,CN42,8,true
CN420581,宜都市,30.384466,111.45661,CN4205,6,true
CN420582,当阳市,30.826872,111.7949,CN4205,9,true
CN4206,襄阳市,32.01479,112.12909,CN42,102,true
CN420602,襄城区,32.016342,112.1408,CN4206,75,true
CN420683,枣阳市,32.134426,112.78044,CN4206,44,true
CN420684,宜城市,31.72543,112.26437,CN4206,35,true
CN42070,鄂州市,30.396523,114.90156,CN42,37,true
CN420704,鄂城区,30.406261,114.89831,CN42070,2,true
CN4208,荆门市,31.041792,112.20584,CN42,15,true
CN420821,京山县,31.024303,113.12608,CN4208,41,true
CN420881,钟祥市,31.173998,112.59464,CN4208,86,true
CN420982,安陆市,31.261253,113.69571,CN4209,73,true
CN421,荆州市,30.340607,112.24722,CN42,37,true
CN421022,公安县,30.06431,112.23598,CN421,7,true
CN421023,监利县,29.845514,112.91134,CN421,18,true
CN421024,江陵县,30.048079,112.43115,CN421,101,true
CN421081,石首市,29.72709,112.431915,CN421,44,true
CN421087,松滋市,30.175339,111.77401,CN421,15,true
CN4211,黄冈市,30.459421,114.878876,CN42,22,true
CN421127,黄梅县,30.07647,115.95078,CN4211,42,true
CN4213,随州市,31.69634,113.38907,CN42,14,true
CN422823,巴东县,31.047995,110.34733,CN4228,3,true
CN429004,仙桃市,30.368183,113.46109,CN429,48,true
CN43,湖南省,28.118301,112.98998,CN,24,true
CN4301,长沙市,28.23397,112.945335,CN43,146,true
CN430121,长沙县,28.251768,113.08749,CN4301,117,true
CN430181,浏阳市,28.170113,113.64957,CN4301,42,true
CN4302,株洲市,27.833736,113.140434,CN43,0,true
CN430281,醴陵市,27.652296,113.50351,CN4302,36,true
CN4303,湘潭市,27.83585,112.95058,CN43,132,true
CN4304,衡阳市,26.899517,112.5784,CN43,84,true
CN430423,衡山县,27.23591,112.87488,CN4304,27,true
CN430481,耒阳市,26.428097,112.86648,CN4304,18,true
CN4306,岳阳市,29.363262,113.13568,CN43,60,true
CN430624,湘阴县,28.695538,112.9156,CN4306,37,true
CN430682,临湘市,29.482536,113.457146,CN4306,4,true
CN4307,常德市,29.037724,111.704994,CN43,108,true
CN430723,澧县,29.63903,111.76521,CN4307,30,true
CN431,郴州市,25.77671,113.02131,CN43,43,true
CN4311,永州市,26.426613,111.618706,CN43,22,true
CN431102,零陵区,26.22853,111.63762,CN4311,47,true
CN431124,道县,25.53386,111.606476,CN4311,48,true
CN431226,麻阳县,27.87178,109.80895,CN4312,1,true
CN431281,洪江市,27.215134,109.843056,CN4312,23,true
CN433122,泸溪县,28.222063,110.22625,CN4331,1,true
CN4401,广州市,23.135307,113.27079,CN44,690,true
CN4402,韶关市,24.816174,113.60376,CN44,49,true
CN440205,曲江区,24.688501,113.611084,CN4402,2,true
CN440222,始兴县,24.958347,114.06863,CN4402,19,true
CN441226,德庆县,23.149437,111.792145,CN4412,20,true
CN441823,阳山县,24.470848,112.647835,CN4418,9,true
CN441882,连州市,24.785648,112.38335,CN4418,35,true
CN4451,潮州市,23.662924,116.62943,CN44,54,true
CN445321,新兴县,22.701815,112.23186,CN4453,18,true
CN445381,罗定市,22.774298,111.57652,CN4453,8,true
CN4502,柳州市,24.331518,109.42198,CN45,30,true
CN4503,桂林市,25.279894,110.29644,CN45,126,true
CN450330,平乐县,24.639582,110.649666,CN4503,14,true
CN4504,梧州市,23.482874,111.285645,CN45,34,true
CN450422,藤县,23.38088,110.92147,CN4504,26,true
CN450521,合浦县,21.667194,109.21369,CN4505,7,true
CN450981,北流市,22.71413,110.36083,CN4509,9,true
CN469005,文昌市,19.549156,110.804245,CN469,18,true
CN50,重庆市,29.570997,106.55717,CN,20,true
CN500101,万州区,30.813623,108.41529,CN5001,12,true
CN500117,合川区,29.97867,106.283325,CN5001,48,true
CN500233,忠县,30.306133,108.044205,CN5002,30,true
CN500235,云阳县,30.93674,108.70343,CN5002,14,true
CN500236,奉节县,31.02456,109.470535,CN5002,19,true
CN500237,巫山县,31.080437,109.885345,CN5002,6,true
CN500243,彭水县,29.29953,108.172134,CN5002,2,true
CN51,四川省,30.65679,104.08225,CN,143,true
CN5101,成都市,30.576279,104.07121,CN51,264,true
CN510182,彭州市,30.996058,103.96467,CN5101,20,true
CN510184,崇州市,30.636505,103.67932,CN5101,67,true
CN5105,泸州市,28.877577,105.44909,CN51,45,true
CN5106,德阳市,31.133104,104.40432,CN51,12,true
CN510623,中江县,31.038898,104.68525,CN5106,36,true
CN510681,广汉市,30.983374,104.28891,CN5106,45,true
CN5107,绵阳市,31.473364,104.686165,CN51,41,true
CN510722,三台县,31.10171,105.10108,CN5107,76,true
CN510723,盐亭县,31.214193,105.39647,CN5107,11,true
CN510725,梓潼县,31.641111,105.16772,CN5107,28,true
CN510727,平武县,32.414864,104.53546,CN5107,1,true
CN510781,江油市,31.762817,104.731094,CN5107,8,true
CN5108,广元市,32.441807,105.84999,CN51,4,true
CN510823,剑阁县,32.294266,105.53184,CN5108,27,true
CN510824,苍溪县,31.738516,105.9409,CN5108,7,true
CN5109,遂宁市,30.539156,105.59915,CN51,30,true
CN510921,蓬溪县,30.764036,105.714005,CN5109,15,true
CN510922,射洪县,30.877163,105.394875,CN5109,18,true
CN5111,乐山市,29.558142,103.77193,CN51,26,true
CN511123,犍为县,29.214294,103.95582,CN5111,18,true
CN511321,南部县,31.359415,106.073784,CN5113,22,true
CN511381,阆中市,31.564144,106.01156,CN5113,99,true
CN511403,彭山区,30.254454,103.86569,CN5114,33,true
CN511425,青神县,29.83726,103.85312,CN5114,30,true
CN5115,宜宾市,28.75761,104.6481,CN51,32,true
CN5117,达州市,31.214348,107.4745,CN51,12,true
CN511725,渠县,30.842339,106.979576,CN5117,28,true
CN512021,安岳县,30.103413,105.34183,CN512,44,true
CN532325,姚安县,25.5101,101.24811,CN5323,11,true
CN61,陕西省,34.27117,108.96064,CN,30,true
CN6101,西安市,34.347435,108.946304,CN61,596,true
CN610113,雁塔区,34.228867,108.955215,CN6101,294,true
CN610115,临潼区,34.372944,109.22065,CN6101,41,true
CN610117,高陵区,34.53623,109.10639,CN6101,38,true
CN610122,蓝田县,34.15764,109.32984,CN6101,32,true
CN610124,周至县,34.169586,108.22855,CN6101,29,true
CN610125,户县,34.11479,108.61136,CN6101,30,true
CN610203107,玉华宫,35.33607,108.93141,CN610203,0,false
CN610222,宜君县,35.404655,109.12343,CN6102,3,true
CN6103,宝鸡市,34.36775,107.2439,CN61,46,true
CN610322,凤翔区,34.527454,107.40714,CN6103,46,true
CN610323,岐山县,34.44964,107.62746,CN6103,29,true
CN610324,扶风县,34.38143,107.90668,CN6103,4,true
CN610330,凤县,33.918137,106.52856,CN6103,2,true
CN6104,咸阳市,34.335598,108.71571,CN61,95,true
CN610423,泾阳县,34.533405,108.849,CN6104,105,true
CN610424,乾县,34.533928,108.24578,CN6104,32,true
CN610425,礼泉县,34.487343,108.43158,CN6104,23,true
CN610427,彬县,35.041504,108.08762,CN6104,31,true
CN610428,长武县,35.21157,107.80522,CN6104,2,true
CN610481,兴平市,34.30559,108.496796,CN6104,99,true
CN610502,临渭区,34.50393,109.498764,CN6105,25,true
CN610521,华县,34.51862,109.77838,CN6105,85,true
CN610521001,华州,34.515476,109.7651,CN610521,0,false
CN610522,潼关县,34.550316,110.25307,CN6105,14,true
CN610523,大荔县,34.80179,109.94862,CN6105,120,true
CN610526,蒲城县,34.961235,109.59296,CN6105,63,true
CN610527,白水县,35.183086,109.59754,CN6105,11,true
CN610582,华阴市,34.57172,110.09867,CN6105,140,true
CN610628,富县,35.993458,109.38636,CN6106,1,true
CN610632,黄陵县,35.585045,109.269516,CN6106,16,true
CN6107,汉中市,33.07382,107.0302,CN61,42,true
CN610727,略阳县,33.33312,106.16315,CN6107,2,true
CN6108,榆林市,38.290886,109.741196,CN61,45,true
CN610821,神木县,38.848534,110.50539,CN6108,2,true
CN611,商洛市,33.876526,109.94688,CN61,1,true
CN611002,商州区,33.868885,109.94754,CN611,26,true
CN611021,洛南县,34.097084,110.154755,CN611,4,true
CN611022,丹凤县,33.701584,110.33377,CN611,2,true
CN6205,天水市,34.587162,105.73128,CN62,185,true
CN620521,清水县,34.75549,106.14397,CN6205,1,true
CN6206,武威市,37.93408,102.64452,CN62,64,true
CN620622,古浪县,37.47583,102.90428,CN6206,1,true
CN6207,张掖市,38.932186,100.45622,CN62,7,true
CN620725,山丹县,38.790245,101.09522,CN6207,2,true
CN620821,泾川县,35.338585,107.37427,CN6208,36,true
CN6209,酒泉市,39.738613,98.50043,CN62,3,true
CN620982,敦煌市,40.148357,94.668396,CN6209,63,true
CN621122,陇西县,35.010204,104.64118,CN6211,32,true
CN621221,成县,33.756752,105.748695,CN6212,8,true
CN621225,西和县,34.016537,105.308044,CN6212,7,true
CN621226,礼县,34.19475,105.185036,CN6212,5,true
CN623021,临潭县,34.698696,103.36015,CN623,3,true
CN630202,乐都区,36.50789,102.429726,CN6302,13,true
CN632521,共和县,36.288704,100.62674,CN6325,0,true
CN632523,贵德县,36.04599,101.44014,CN6325,0,true
CN6501,乌鲁木齐市,43.832806,87.623314,CN65,0,true
CN6504,吐鲁番市,42.957302,89.19603,CN65,7,true
CN650421,鄯善县,42.874928,90.2199,CN6504,0,true
CN650422,托克逊县,42.79786,88.6603,CN6504,0,true
CN652201,哈密市,42.824642,93.52278,CN6522,5,true
CN652325,奇台县,44.027763,89.60057,CN6523,0,true
CN652327,吉木萨尔县,44.006725,89.18718,CN6523,3,true
CN652801,库尔勒市,41.732616,86.18008,CN6528,0,true
CN652826,焉耆县,42.072304,86.5737,CN6528,2,true
CN652923,库车县,41.723255,82.96868,CN6529,4,true
KP,朝鲜,37.534,126.985,,2296,true
