id,name,type,aliases,desc,writing_count
1,归字谣,Ping,苍梧谣|十六字令,蔡伸词名《苍梧谣》，周玉晨词名《十六字令》，袁去华词亦名《归字谣》。有刻《归梧谣》者误。,251
2,渔父引,Ping,,唐教坊曲名。,1
3,閒中好,Ping,静中好|闲中好,调见唐段成式《酉阳杂俎》，有平韵、仄韵二体，即以首句三字为调名也。,42
4,纥那曲,Ping,,"明胡震亨《唐音癸签》云：“《纥那曲》，不知所出。考唐天宝中，崔成甫翻《得体歌》，有‘得体纥那也，纥囊得体那’之句，岂其所本欤？”
　　按唐人于舟中唱《得体歌》，有号头，即和声。“纥那”者，或曲之和声也。",2
5,拜新月,Ze,,唐教坊曲名。,5
6,梧桐影,Ze,明月斜,"宋周紫芝《竹坡诗话》云：“大梁景德寺峨嵋院壁间，有吕岩题字。寺僧相传，有蜀僧号峨嵋道者，戒律甚严，不下席者二十年。一日，有布衣青裘，昂然一伟人来，与语良久，期以明年是日，复相见于此，愿少见待。明年是日，日方午，道者沐浴端坐而逝。至暮，伟人果来，问道者，曰亡矣。伟人叹息良久，忽不见。明日，书数语于堂侧壁间绝高处。宣和间，余游京师，犹及见之。”
　　按《庚溪诗话》亦载此事，与此小异。后人因词中有“明月斜”句，更名《明月斜》。",19
7,啰唝曲,Ping,望夫歌,唐范摅《云溪友议》云：“金陵有啰唝楼，乃陈后主所建。《啰唝曲》，刘采春所唱，皆当代才子所作五六七言绝句。一名《望夫歌》，元稹诗所谓‘更有恼人肠断处，选词能唱望夫歌’也。”,15
8,醉妆词,Ze,,唐孙光宪《北梦琐言》：“蜀王衍尝裹小巾，其尖如锥。宫人皆衣道服，簪莲花冠，施胭脂夹脸，号‘醉妆’，因作《醉妆词》。”,2
9,庆宣和,PingAndZe,,元张可久《小山乐府》自注“双调”。按《唐书·礼乐志》，双调乃夹钟之商声也。,17
10,南歌子,Ping,春宵曲|水晶帘|碧窗梦|十爱词|南柯子|悟南柯|望秦川|风蝶令,唐教坊曲名。此词有单调、双调。单调者始自温庭筠词，因词有“恨春宵”句，名《春宵曲》。张泌词本此添字，因词有“高卷水晶帘额”句，名《水晶帘》，又有“惊破碧窗残梦”句，名《碧窗梦》。郑子聃有《我爱沂阳好》词十首，更名《十爱词》。双调者有平韵、仄韵两体。平韵者始自毛熙震词，周邦彦、杨无咎、僧挥五十四字体，无名氏五十三字体，俱本此添字。仄韵者始自《乐府雅词》，惟石孝友词最为谐婉。周邦彦词名《南柯子》，程垓词名《望秦川》，田不伐词有“帘风不动蝶交飞”句，名《风蝶令》。,1048
11,荷叶杯,PingZeSwitch,,唐教坊曲名。此词有单调、双调。单调者有温庭筠、顾夐二体，双调者只韦庄一体，俱见《花间集》。,173
12,回波乐,Ping,回波词,"唐刘肃《大唐新话》：景龙中，中宗尝游兴庆池，侍宴者递起鼓舞，并唱《回波词》。给事中李景伯亦起舞，歌词云云。
　　《乐府诗集》：《回波》，商调曲，唐中宗时造，盖出于曲水引流汎觞也。后亦为舞曲，《教坊记》谓之软舞。",17
13,舞马词,Ping,,《唐书·礼乐志》：明皇尝命教舞马四百蹄，各为左右，分部目，衣以文绣，络以金珠，每千秋节舞于勤政楼下。赐宴设酺，其曲数十叠。马闻声奋首鼓尾，纵横应节。又施三层板床，乘马而上，抃转如飞。或命壮士举榻，马舞其上，岁以为常。,6
14,三台,Ping,开元乐|宫中三台|江南三台|三台令|翠华引,唐教坊曲名。宋李济翁《资暇录》：《三台》，今之啐酒三十拍促曲，啐，送酒声也。宋张表臣《珊瑚钩诗话》：乐部中有促拍催酒，谓之《三台》。沈括词名《开元乐》，因结有“翠华满陌东风”句，名《翠华引》。,43
15,柘枝引,Ping,柘枝词,"唐教坊曲名。《乐府杂录》：“健舞曲”。《乐苑》：“羽调曲”。
　　按此舞因曲为名，用二女童，帽施金铃，抃转有声。其来也，藏二莲花中，花坼而后见，对舞相占，实舞中雅妙者也。",4
16,塞姑,Ze,,见《乐府诗集》。盖唐时边塞闺人之词也。,1
17,晴偏好,Ze,,明陈耀文《花草粹编》云：“西湖虽有山泉，而大旱亦尝龟坼。嘉熙庚子水涸，茂草生焉。”李霜崖作《晴偏好》词纪之，取词中结句为调名。,8
18,凭阑人,Ping,凭栏人,《太平乐府》注“越调”。按《唐书·礼乐志》：越调，即黄钟之商声也。,18
19,花非花,Ze,,调见白居易《长庆集》。以首句为调名。,22
20,摘得新,Ping,,唐教坊曲名。,25
21,梧叶儿,PingAndZe,,《太平乐府》注“商调”。《唐书·礼乐志》：商调，乃夷则之商声也。,14
22,渔歌子,Ping,渔父|渔父歌|渔父词|渔父乐|渔夫舞|拨棹歌,唐教坊曲名。按《唐书·张志和传》，志和居江湖，自称江波钓徒，每垂钓不设铒，志不在鱼也。宪宗图真，求其人不能致。尝撰《渔歌》，即此词也。单调体实始于此。至双调体，昉自《花间集》顾夐、孙光宪。有魏承班、李珣诸词可校。若苏轼单调词，则又从双调词脱化耳。和凝词更名《渔父》，徐积词名《渔父乐》。,428
23,忆江南,Ping,谢秋娘|江南好|春去也|望江南|双调望江南|梦江南|梦江口|望江梅|安阳好|梦仙游|步虚声|步虚词|壶山好|望蓬莱|归塞北,"宋王灼《碧鸡漫志》：此曲自唐至今，皆南吕宫，字句皆同，止是今曲两段，盖近世曲子无单遍者。
　　按唐段安节《乐府杂录》，此词乃李德裕为谢秋娘作，故名《谢秋娘》，因白居易词更今名，又名《江南好》。又因刘禹锡词有“春去也，多谢洛城人”句，名《春去也》。温庭筠词有“梳洗罢，独倚望江楼”句，名《望江南》。皇甫松词有“閒梦江南梅熟日”句，名《梦江南》，又名《梦江口》。李煜词名《望江梅》。此皆唐词单调。至宋词始为双调。王安中词有“安阳好，曲水似山阴”句，名《安阳好》。张滋词有“飞梦去，閒到玉京游”句，名《梦仙游》。蔡真人词有“铿铁板，閒引步虚声”句，名《步虚声》。宋自逊词名《壶山好》。丘长春词名《望蓬莱》。《太平乐府》名《归塞北》，注“大石调”。",3455
24,潇湘神,Ping,清湘词|潇湘曲,调始自唐刘禹锡咏湘妃词。所谓赋题本意也。,45
25,章台柳,Ze,,唐韩翃制，以首句为调名。,15
26,解红,Ping,,按《宋史·乐志》，小儿舞队有《解红》，其曲失传。陈旸《乐书》载和凝作，乃唐词也。若《鸣鹤馀音》有《解红儿慢》，系元人所制，与此不同。,9
27,赤枣子,Ping,,唐教坊曲名。,32
28,南乡子,PingZeSwitch,双调南乡子|好离乡|莫思乡,唐教坊曲名。此词有单调、双调。单调者始自欧阳炯词，冯延巳、李珣俱本此添字。双调者始自冯延巳词。《太和正音谱》注“越调”。欧阳修本此减字，王之道、黄机、赵长卿俱本此添字也。,1145
29,捣练子,Ping,捣练子令,《太和正音谱》注“双调”。一名《捣练子令》。因冯延巳词起结有“深院静”及“数声和月到帘栊”句，更名《深院月》。,292
30,春晓曲,Ze,西楼月,朱敦儒词有“西楼月落鸡声急”句，又名《西楼月》。,15
31,桂殿秋,Ping,,本唐李德裕《送神》、《迎神》曲，有“桂殿夜凉吹玉笙”句，取为调名。,117
32,寿阳曲,PingAndZe,落梅风,《太平乐府》注“双调”。一名《落梅风》。,22
33,阳关曲,Ping,渭城曲|小秦王,"本名《渭城曲》。宋秦观云：“《渭城曲》绝句，近世又歌入《小秦王》，更名《阳关曲》。属双调，又属大石调。”
　　按唐《教坊记》有《小秦王曲》即《秦王小破阵乐》也，属坐部伎。",46
34,欸乃曲,Ping,,"唐元结诗自序：大历初，结为道州刺史，以军事诣都。使还州，逢春水，舟行不进，作《欸乃曲》，令舟子唱之，以取适于道路云。
宋程大昌《演繁露》云：“元次山《欸乃曲》五章，全是绝句，如《竹枝》之类。其谓‘欸乃’者，殆舟人于歌声之外，别出一声，以互相其歌也。《柳枝》、《竹枝》尚有存者，其语度与绝句无异，但于句末，随加‘竹枝’或‘柳枝’等语，遂即其语以名其歌。‘欸乃’，亦其例也。”
　　黄公绍《韵会》云：“欸，叹声也，读若哀，乌来切。又应声也，读若霭，上声，倚亥切。又去声，于代切。无袄音。乃，难辞，又继事之辞。无霭音。今二字连读之，为棹船相应声。”
　　按《广韵》“十五海”：“欸”，于改切，相然应也。“乃”，奴亥切，语辞也。“欸乃”之声，或如唐人唱歌和声，所谓号头者。盖逆流而上，棹船劝力之声也。《黄山谷题跋》、《洪驹父诗话》皆音作“袄”、“蔼”者误。",7
35,采莲子,Ping,采莲词|采莲曲,唐教坊曲名。,108
36,浪淘沙,Ping,,唐教坊曲名。,30
37,杨柳枝,Ping,柳枝词|柳枝辞,唐教坊曲名。按白居易诗注：《杨柳枝》，洛下新声。其诗云：“听取新翻杨柳枝”是也。薛能诗序：令部妓作杨柳枝健舞，复度新声。其诗云：“试蹋吹声作唱声”是也。盖乐府横吹曲有《折杨柳》名，此则借旧曲名，另创新声，后遂入教坊耳。此本唐人七言绝句，与顾夐词四十字体、朱敦儒词四十四字体添声者不同。,772
38,八拍蛮,Ping,,唐教坊曲名。按孙光宪词所咏俱越中事，或即八拍之蛮歌也。,6
39,字字双,Ping,,见《才鬼记》。因每句有叠字，故名《字字双》。,13
40,十样花,Ze,,宋李弥逊词十首，分咏十样花，故名。,9
41,天净沙,PingAndZe,塞上秋,《太平乐府》注“越调”。无名氏词有“塞上清秋早寒”句，又名《塞上秋》。,74
42,甘州曲,Ping,甘州子,唐教坊曲名。《唐书·礼乐志》：天宝间乐曲，皆以边地为名，甘州其一也。顾夐词名《甘州子》。,31
43,醉吟商,Ze,,"姜夔自序云：“石湖老人为予言，琵琶有四曲，今不传矣，曰《濩索·凉州》、《转关·绿腰》、《醉吟商·胡渭州》、《历弦·薄媚》也。予每念之。辛亥夏，谒杨廷秀于金陵邸中，遇琵琶工，解作《醉吟商·胡渭州》，因求得品弦法，译成《醉吟商》小令，实双调也。”
　　按《胡渭州》，唐教坊曲名；《醉吟商》，其宫调也。姜夔自度乃夹钟商曲，盖借旧曲名，另倚新腔耳。",4
44,乾荷叶,PingAndZe,干荷叶,元刘秉忠自度曲。属南吕宫，取起句三字为调名。,3
45,喜春来,PingAndZe,阳春曲,《太平乐府》注“中吕宫”。《太和正音谱》注“正宫”。一名《阳春曲》。,15
46,踏歌词,Ping,,唐《辇下岁时记》：先天初，上御安福门观灯，令朝士能文者为《踏歌》。陈旸《乐书》云：“《踏歌》，队舞曲也。”,4
47,秋风清,Ping,秋风引|江南春|新安路|三五七言,一名《秋风引》。寇准词名《江南春》，刘长卿仄韵词名《新安路》。,116
48,抛毬乐,Ping,莫思归|抛球乐,"唐教坊曲名。《唐音癸笺》云：“《抛毬乐》，酒筵中抛毬为令，其所唱之词也。”《宋史·乐志》：女弟子舞队，三日抛毬乐。
　　按此调三十字者始于刘禹锡词，皇甫松本此填，多一和声。三十三字者始于冯延巳词，因词有“且莫思归去”句，或名《莫思归》。然皆五七言小律诗体。至宋柳永，则借旧曲名别倚新声，始有两段一百八十七字体。《乐章集》注“林钟商调”。与唐词小令体制迥然各别。以同一调名，故类列之。",47
49,法驾导引,Ping,法驾导引,宋陈与义词序云：“世传顷年都下市肆中，有道人携乌衣椎髻女子，买斗酒独饮，女子歌词以侑，凡九阕，皆非人世语。或记之，以问一道士。道士惊曰：‘此赤城韩夫人所制水府蔡真人《法驾导引》也。’乌衣女子疑龙云。得其三而忘其六，拟作三阕。”,111
50,蕃女怨,PingZeSwitch,番女怨,唐温庭筠二词，俱咏蕃女之怨，故词中有“雁门沙碛”诸语。,22
51,一叶落,Ze,,《五代史》云：“后唐庄宗能自度曲。”此其一也。取首句为调名。,19
52,忆王孙,Ping,独脚令|忆君王|豆叶黄|画蛾眉|阑干万里心|怨王孙,此词单调三十一字者创自秦观，宋元人照此填。《太平乐府》注“黄钟宫”，《太和正音谱》注“仙吕宫”。《梅苑》词名《独脚令》，谢克家词名《忆君王》，吕渭老词名《豆叶黄》。陆游词有“画得蛾眉胜旧时”句，名《画蛾眉》。张辑词有“几曲阑干万里心”句，名《阑干万里心》。双调五十四字者见《复雅歌词》，或名《怨王孙》，与单调绝不同。坊刻又有仄韵单调《忆王孙》，查系《渔家傲》一段。故谱内不收。,324
53,金字经,PingAndZe,阅金经,《太平乐府》注“南吕宫”。《元史·乐志》说法舞队有《金字经》曲，一名《阅金经》。,26
54,古调笑,PingZeSwitch,宫中调笑|转应曲|转应词|三台令|古调笑令|调笑令|调啸词,《乐苑》：“商调曲”。一名《宫中调笑》。白居易诗“打嫌调笑易”，自注：“调笑，抛打曲名也。”戴叔伦词名《转应曲》，冯延巳词名《三台令》，与宋词《调笑令》不同。,279
55,遐方怨,Ping,,唐教坊曲名。此调有两体，单调者始于温庭筠，双调者始于顾夐、孙光宪，惟《花间集》有之，宋人无填此者。,36
56,后庭花破子,Ping,,《太平乐府》注“仙吕调”。《唐书·礼乐志》：夷则羽，俗呼仙吕调。此金元小令，与唐词《后庭花》、宋词《玉树后庭花》异。所谓破子者，以其繁声入破也。,10
57,如梦令,Ze,忆仙姿|宴桃源|不见|比梅|古记|无梦令|如意令,宋苏轼词注：此曲本唐庄宗制，名《忆仙姿》，嫌其名不雅，故改为《如梦令》，盖因此词中有“如梦。如梦。”叠句也。周邦彦又因此词首句，改名《宴桃源》。沈会宗词有“不见。不见。”叠句，名《不见》。张辑词有“比著梅花谁瘦”句，名《比梅》。《梅苑》词名《古记》。《鸣鹤馀音》词名《无梦令》。魏泰双调词名《如意令》。,1019
58,诉衷情,PingZeSwitch,桃花水,"唐教坊曲名。毛文锡词有“桃花流水漾纵横”句，又名《桃花水》。
　　按《花间集》此调有两体，单调者或间入一仄韵，或间入两仄韵，韦庄、顾夐、温庭筠三词略同。双调者全押平韵，毛文锡、魏承班二词略同。",49
59,西溪子,PingZeSwitch,,唐教坊曲名。,28
60,天仙子,Ze,万斯年,"唐教坊曲名。按段安节《乐府杂录》，《天仙子》本名《万斯年》，李德裕进，属龟兹部舞曲。因皇甫松词有“懊恼天仙应有以”句，取以为名。
　　此词有单调、双调两体。单调始于唐人，或押五仄韵，或押四仄韵，或押两仄韵三平韵，或押五平韵。双调始于宋人，两段俱押五仄韵。",235
61,风流子,Ze,,唐教坊曲名。单调者，唐词一体。双调者，宋词三体。有前后段两起句不用韵者，有前段起句用韵、后段起句不用韵者，有前后段起句俱用韵者，诸体中有句读异同，各依其体类列。,202
62,归自谣,Ze,风光子|思佳客|思嘉客|归国谣,《乐府雅词》注“道调宫”。一名《风光子》，赵彦端词名《思佳客》。《词律》编入《归国谣》者误。,46
63,饮马歌,Ze,,调见《松隐集》。自序：此曲自金源传至边城，饮牛马即横笛吹之，不鼓不拍，声甚凄断。,3
64,定西番,PingZeSwitch,定西蕃,唐教坊曲名。,30
65,江城子,Ping,江神子|村意远,唐词单调，以韦庄词为主，馀俱照韦词添字。至宋人始作双调，晁补之改名《江神子》，韩淲词有“腊后春前村意远”句，更名《村意远》。,644
66,望江怨,Ze,,调见花间集。,10
67,长相思,Ping,吴山青|山渐青|青山相送迎|长相思令|相思令,唐教坊曲名。林逋词有“吴山青”句，名《吴山青》。张辑词有“江南山渐青”句，名《山渐青》。王行词名《青山相送迎》。《乐府雅词》名《长相思令》，又名《相思令》。,594
68,思帝乡,Ping,,唐教坊曲名。,24
69,相见欢,PingZeSwitch,秋夜月|上西楼|西楼子|忆真妃|月上瓜州|乌夜啼,唐教坊曲名。南唐李煜词有“无言独上西楼，月如钩”句，更名《秋夜月》，又名《上西楼》，又名《西楼子》。康与之词名《忆真妃》。张辑词有“唯有渔竿明月上瓜州”句，因名《月上瓜州》。或名《乌夜啼》。,325
70,河满子,Ping,何满子|鹦鹉舌,唐教坊曲名。一名《何满子》。白居易诗注：开元中，沧州歌者姓名。元稹诗云：“便将何满为曲名，御府新题乐府纂”是也。又《卢氏杂说》：唐文宗命宫人沈翘翘舞《河满子》词。又属舞曲。,92
71,风光好,PingZeSwitch,,调见《本事曲》，陶榖作。,12
72,误桃源,Ping,,宋张耒《明道杂志》云：“掌禹锡学士考试太学生，出《砥柱勒铭赋》题，此铭今俱在，乃唐太宗铭禹功，而掌公误记为太宗自铭其功。宋涣中第一，其赋悉是太宗自铭，有无名子作此嘲之。”,1
73,望梅花,Ze,双调望梅花,唐教坊曲名。《梅苑》词作《望梅花令》。,23
74,醉太平,Ping,凌波曲|醉思凡|四字令,一名《凌波曲》。孙惟信词名《醉思凡》。周密词名《四字令》。《太平乐府》注“南吕宫”。《太和正音谱》注“正宫，又入仙吕宫、中吕宫。”,296
75,上行杯,PingZeSwitch,,唐教坊曲名。,20
76,感恩多,PingZeSwitch,,唐教坊曲名。,20
77,长命女,Ze,薄命女|薄命妾,唐教坊曲名。杜佑《理道要诀》：《长命女》在林钟羽，时号平调，今俗呼高平调。《碧鸡漫志》：《长命女令》，前七拍，后九拍，属仙吕调。按仙吕调即夷则羽，皆羽声也。和凝词名《薄命女》。,19
78,春光好,Ping,愁倚阑令|愁倚阑,唐教坊曲名。《碧鸡漫志·羯鼓录》云：“明皇尤爱羯鼓、玉笛，为八音之领袖。时春雨始晴，景色明丽，帝曰：‘对此岂可不为判断？’命取羯鼓，临轩纵击，曲名《春光好》。回顾柳杏，皆已微坼。上曰：‘此一事，不唤我作天工乎？’今夹钟宫《春光好》，唐以来多有此曲，或曰：夹钟宫属二月之律，明皇依月用律，故能判断如神。予曰，二月柳杏坼久矣，此必正月用二月律催之也。”按《羯鼓录》载，《春光好》曲入太簇宫，本正月律也，岂明皇所作乃太簇宫，而和凝等词入夹钟宫耶？今明皇词已不传，所传止《花间》、《尊前》集中词也。因晏几道词有“拼却一襟怀远泪，倚阑看”句，改名《愁倚阑令》，或名《愁倚阑》，或名《倚阑令》。,99
79,酒泉子,PingZeSwitch,,唐教坊曲名。,110
80,怨回纥,Ping,,此调本五言律诗，见《尊前集》。皇甫词第一首云：“白首南朝女，悉听异域歌。收兵颉利国，饮马胡卢河。”结二句云：“雕窠城上宿，吹笛泪滂沱。”盖戍妇之怨词也。,2
81,生查子,Ze,楚云深|梅和柳|晴色入青山,唐教坊曲名。《尊前集》注“双调”。元高拭词注“南吕宫”。朱希真词有“遥望楚云深”句，名《楚云深》。韩淲词有“山意入春晴，都是梅和柳”句，名《梅和柳》。又有《晴色入青山》句，名《晴色入青山》。,653
82,蝴蝶儿,Ping,胡蝶儿,调见《花间集》。取词中起句为名。,19
83,添声杨柳枝,PingZeSwitch,贺圣朝影|太平时,按《碧鸡漫志》云：“黄钟商有《杨柳枝》曲，仍是七言四句诗，与刘、白及五代诸子所制并同，但每句下各添三字一句，乃唐时和声，如《竹枝》、《渔父》，今皆有和声也。旧词多侧字起头，第三句亦复侧字起，声度差稳耳。”今名《添声杨柳枝》，欧阳修词名《贺圣朝影》，贺铸词名《太平时》。《宋史·乐志》：《太平时》，小石调。,88
84,醉公子,PingZeSwitch,四换头,唐教坊曲名。薛昭蕴、顾夐词，俱四换韵，一名《四换头》。此调有两体，四十字者昉自唐人。一百六字者昉自宋人。,62
85,昭君怨,PingZeSwitch,洛妃怨|一痕沙|宴西园,朱敦儒词咏洛妃，名《洛妃怨》。侯寘词名《宴西园》。,209
86,玉蝴蝶,Ping,玉蝴蝶慢|玉胡蝶慢|玉胡蝶,小令始于温庭筠，长调始于柳永。《乐章集》注“仙吕调”。一名《玉蝴蝶慢》。,126
87,女冠子,PingZeSwitch,女冠子慢,唐教坊曲名。小令始于温庭筠，长调始于柳永。《乐章集》“淡烟飘薄”词注“仙吕调”，“断烟残雨”词注“大石调”。元高拭词注“黄钟宫”。柳永词一名《女冠子慢》。,116
88,中兴乐,PingZeSwitch,湿罗衣,见《花间集》。牛希济词有“泪湿罗衣”句，名《湿罗衣》。,22
89,纱窗恨,PingZeSwitch,,唐教坊曲名。毛文锡词有“月照纱窗，恨依依”句，取以为名。,5
90,醉花间,Ze,醉花閒,唐教坊曲名。《宋史·乐志》：双调。,44
91,点绛唇,Ze,点樱桃|万年春|十八香|南浦月|沙头雨|寻瑶草|乐府乌衣怨,元《太平乐府》注“仙吕宫”。高拭词注“黄钟宫”。《正音谱》注“仙吕调”。宋王禹偁词名《点樱桃》。王十朋词名《十八香》。张辑词有“邀月过南浦”句，名《南浦月》。又有“遥隔沙头雨”句，名《沙头雨》。韩淲词有“更约寻瑶草”句，名《寻瑶草》。,1372
92,平湖乐,PingAndZe,小桃红|采莲词,《太平乐府》注“越调”。金词名《平湖乐》，取王恽词“人在平湖醉”句也。元词名《小桃红》，取无名氏词“宜插小桃红”句也。亦名《采莲词》，取《太平乐府》“采莲湖上采莲娇”句也。,27
93,归国谣,Ze,归平谣|归国遥,唐教坊曲名。元颜奎词名《归平谣》。,37
94,恋情深,PingZeSwitch,,唐教坊曲名。,10
95,赞浦子,Ping,赞普子,唐教坊曲名。一名《赞普子》。,5
96,浣溪沙,Ping,小庭花|减字浣溪沙|浣溪纱|满院春|东风寒|醉木犀|霜菊黄|广寒枝|试香罗|清和风|怨啼鹃,唐教坊曲名。张泌词有“露浓香泛小庭花”句，名《小庭花》。贺铸名《减字浣溪沙》。韩淲词有“芍药酴醾满院春”句，名《满院春》。有“东风拂栏露犹寒”句，名《东风寒》。有“一曲西风醉木犀”句，名《醉木犀》。有“霜后黄花菊自开”句，名《霜菊黄》。有“广寒曾折最高枝”句，名《广寒枝》。有“春风初试薄罗衫”句，名《试香罗》。有“清和风里绿荫初”句，名《清和风》。有“一番春事怨啼鹃”句，名《怨啼鹃》。,5460
97,醉垂鞭,PingZeSwitch,,词见张先集。,15
98,雪花飞,Ping,,《宋史·乐志》：“高角调”。按高角乃大吕之角声也。,6
99,沙塞子,Ping,沙塞子,唐教坊曲名。一名《沙碛子》。,13
100,殿前欢,PingAndZe,凤将雏,《太平乐府》注“双调”。一名《凤将雏》。,13
101,水仙子,PingAndZe,,唐教坊曲名。《太平乐府》注“双调”。,16
102,霜天晓角,Ze,月当窗|踏月|长桥月,元高拭词注“越调”。张辑词有“一片月当窗白”句，名《月当窗》。程垓词有“须共踏、夜深月”，名《踏月》。吴礼之词有“长桥月”句，名《长桥月》。,222
103,清商怨,Ze,关河令|伤情怨,古乐府有清商曲辞，其音多哀怨，故取以为名。周邦彦以晏词有“关河愁思”句，更名《关河令》，又名《伤情怨》。,54
104,伤春怨,Ze,,见《能改斋漫录》，王安石梦中作。,8
105,菩萨蛮,PingZeSwitch,重叠金|子夜歌|菩萨鬘|花间意|梅花句|花溪碧|晚云烘日,"唐教坊曲名。《宋史·乐志》：女弟子舞队名。《尊前集》注“中吕宫”。《宋史·乐志》亦“中吕宫”。《正音谱》注“正宫”。唐苏鄂《杜阳杂编》云：“大中初，女蛮国入贡，危髻金冠，缨络被体，号菩萨蛮队，当时倡优遂制《菩萨蛮》曲，文士亦往往声其词。”孙光宪《北梦琐言》云：“唐宣宗爱唱《菩萨蛮》词，令狐绹命温庭筠新撰进之。”《碧鸡漫志》云：“今《花间集》温词十四首是也。”
　　按温词有“小山重叠金明灭”句，名《重叠金》。南唐李煜词名《子夜歌》，一名《菩萨鬘》。韩淲词有“新声休写花间意”句，名《花间意》。又有“风前觅得梅花”句，名《梅花句》。有“山城望断花溪碧”句，名《花溪碧》。有“晚云烘日南枝北”句，名《晚云烘日》。",3428
106,采桑子,Ping,丑奴儿令|罗敷媚歌|丑奴儿|罗敷媚,唐教坊曲有《杨下采桑》，调名本此。《尊前集》注“羽调”。《乐府雅词》注“中吕宫”。南唐李煜词名《丑奴儿令》，冯延巳词名《罗敷媚歌》，贺铸词名《丑奴儿》，陈师道词名《罗敷媚》。,1107
107,后庭花,Ze,玉树后庭花,唐教坊曲名。张先词名《玉树后庭花》。《碧鸡漫志》云：“《玉树后庭花》，陈后主造，其诗皆以配声律，遂取一句为曲名。讹蜀时，孙光宪、毛熙震、李珣有《后庭花曲》，皆赋后主故事，不著宫调，两段各四句，似令也。”,25
108,诉衷情令,Ping,渔父家风|一丝风|诉衷情,《乐章集》注“林钟商”。张元干以黄庭坚词曾咏“渔父家风”，改名《渔父家风》。张辑词有“一钓丝风”句，名《一丝风》。,317
109,减字木兰花,PingZeSwitch,减兰|益寿美金花|金莲出玉华|金莲出玉花|木兰香|天下乐令,《乐章集》注“仙吕调”。《梅苑》李子正词名《减兰》。徐介轩词名《木兰香》。《高丽史·乐志》名《天下乐令》。,1773
110,卜算子,Ze,缺月挂疏桐|黄鹤洞中仙|百尺楼|楚天遥|眉峰碧,元高拭词注“仙吕调”。苏轼词有“缺月挂疏桐”句，名《缺月挂疏桐》。秦湛词有“极目烟中百尺楼”句，名《百尺楼》。僧皎词有“目断楚天遥”句，名《楚天遥》。无名氏词有“蹙破眉峰碧”句，名《眉峰碧》。,1032
111,一落索,Ze,洛阳春|上林春|一络索|玉连环,欧阳修词名《洛阳春》，张先词名《玉连环》，辛弃疾词名《一络索》。,153
112,好时光,Ping,,词见《尊前集》，唐明皇制，取结句三字为调名。,6
113,谒金门,Ze,空相忆|花自落|垂杨碧|杨花落|出塞|东风吹酒面|不怕醉|醉花春|春早湖山,唐教坊曲名。元高拭词注“商调”。宋杨湜《古今词话》，因韦庄词起句，名《空相忆》。张辑词有“无风花自落”句，名《花自落》。又有“楼外垂杨如此碧”句，名《垂杨碧》。李清臣词有“杨花落”句，名《杨花落》。李石名《出塞》。韩淲词有“东风吹酒面”句，名《东风吹酒面》。又有“不怕醉，记取吟边滋味”句，名《不怕醉》。又有“人已醉，溪北溪南春意，击鼓吹萧花落未”句，名《醉花春》。又有“春尚早，春入湖山渐好”句，名《春早湖山》。,577
114,柳含烟,PingZeSwitch,,唐教坊曲名。《花间集》毛文锡词有“河桥柳，占芳春，映水含烟拂露”句，取为调名。,24
115,杏园春,Ping,杏园芳,调见《花间集》。,5
116,好事近,Ze,钓船笛|翠圆枝,张辑词有“谁谓百年心事，恰钓船横笛”句，名《钓船笛》。韩淲词有“吟到翠圆枝上”句，名《翠圆枝》。,717
117,华清引,Ping,,词赋华清旧事，因以名调。,7
118,天门谣,Ze,,贺铸词，有“牛渚天门险”句，因取为调名。李之仪《姑溪词》注：贺方回登采石娥眉亭作也。,4
119,忆闷令,Ze,,调见《小山乐府》。,3
120,散馀霞,Ze,散余霜,谢朓诗“馀霞散成绮”，调名本此。,10
121,好女儿,Ping,绣带儿,此调有两体。四十五字者起于黄庭坚，因词有“懒系酥胸罗带，羞见绣鸳鸯”句，名《绣带儿》，《花草粹编》一作《绣带子》。六十二字者起于晏几道，与黄词迥别。,54
122,万里春,Ze,,调见周邦彦《片玉词》。《清真集》不载，故方千里、杨泽民、陈允平俱无和词。,10
123,彩鸾归令,Ping,青山远,袁去华词，名《青山远》。,7
124,锦园春,Ze,,调见《全芳备祖·乐府》,2
125,太平年,Ze,,见《高丽史·乐志》。,1
126,清平乐,PingZeSwitch,清平乐令|忆萝月,《宋史·乐志》：“属大石调”。《乐章集》注“越调”。《碧鸡漫志》云：“欧阳炯称李白有应制《清平乐》四首，此其一也，在越调，又有黄钟宫、黄钟商两音。”《花庵词选》名《清平乐令》。张辑词有“忆著故山萝月”句，名《忆萝月》。张翥词有“明朝来醉东风”句，名《醉东风》。,1905
127,忆秦娥,Ze,秦楼月|双荷叶|蓬莱阁|碧云深|花深深,元高拭词注“商调”。按此词昉自李白，自唐迄元，体各不一。要其源皆从李词出也。因词有“秦娥梦断秦楼月”句，故名《忆秦娥》，更名《秦楼月》。苏轼词有“清光偏照双荷叶”句，名《双荷叶》。无名氏词有“水天摇荡蓬莱阁”句，名《蓬莱阁》。至贺铸始易仄韵为平韵。张辑词有“碧云暮合”句，名《碧云深》。宋媛孙道绚词有“花深深”句，名《花深深》。,620
128,更漏子,PingZeSwitch,,此调有两体，四十六字者始于温庭筠，唐宋词最多。《尊前集》注“大石调”，又属“商调”。一百四字者止杜安世词，无别首可录。,292
129,巫山一段云,PingZeSwitch,金鼎一溪云,唐教坊曲名。《乐章集》注“双调”。,522
130,望仙门,Ping,,调见《珠玉词》，取词中结句为名。,10
131,占春芳,Ping,,苏轼咏梨花制此调，取词中第三句为名。,8
132,朝天子,Ze,思越人,唐教坊曲名。《阳春集》名《思越人》。,9
133,忆少年,Ze,太清舞|陇首山|十二时|桃花曲,万俟咏词有“上陇首、凝眸天四阔”句，名《陇首山》。朱敦儒词名《十二时》。元刘秉忠词有“恨桃花流水”句，更名《桃花曲》。,325
134,西地锦,Ze,,元高拭词，第三句七字者，注“黄钟宫”。,18
135,相思引,Ping,玉交枝|定风波令|琴调相思引|镜中人,此调有两体，四十六字者押平声韵，房舜卿词名《玉交枝》，周紫芝词名《定风波令》，赵彦端词名《琴调相思引》。四十九字者押仄声韵，《古今词话》无名氏词名《镜中人》。,89
136,落梅风,Ping,,调见《梅苑》。按《梅苑》别有《落梅风》长调二首，俱一百六字，因《花草粹编》名《落梅》，亦名《落梅慢》，另编一体，不为类列。,2
137,江亭怨,Ze,清平乐令|荆州亭,《花庵词选》名《清平乐令》。按《冷斋夜话》云：“黄鲁直登荆州亭，见亭柱间有此词，夜梦一女子云‘有感而作’，鲁直惊悟曰：‘此必吴城小龙女也。’因又名《荆州亭》。”,24
138,喜迁莺,PingZeSwitch,鹤冲天|万年枝|春光好|喜迁莺令|燕归来|早梅芳|烘春桃李,此调有小令、长调两体。小令起于唐人，《太和正音谱》注“黄钟宫”。因韦庄词有“鹤冲天”句，更名《鹤冲天》。和凝词有“飞上万年枝”句，名《万年枝》。冯延巳词有“拂面春风长好”句，名《春光好》。宋夏竦词名《喜迁莺令》。晏几道词名《燕归来》。李德载词有“残腊里、早梅芳”句，名《早梅芳》。长调起于宋人，《梅溪集》注“黄钟宫”。《白石集》注“太簇宫，俗名中管高宫”。江汉词一名《烘春桃李》。,318
139,乌夜啼,Ping,圣无忧|锦堂春,唐教坊曲名。《太和正音谱》注“南吕宫”，又“大石调”。宋欧阳修词名《圣无忧》，赵令畤词名《锦堂春》。按郭茂倩《乐府诗集》有清商曲《乌夜啼》，乃六朝及唐人古今诗体，与此不同，此盖借旧曲名，另翻新声也。,108
140,相思儿令,Ping,相思令,《花草粹编》名《相思令》。,16
141,阮郎归,Ping,醉桃源|忆桃源|宴桃源|濯缨曲,宋丁持正词有“碧桃春昼长”句，名《碧桃春》。李祁词名《醉桃源》。曹冠词名《宴桃源》。韩淲词有“濯缨一曲可流行”句，名《濯缨曲》。,471
142,贺圣朝,Ze,,唐教坊曲名。《花间集》有欧阳炯词，本名《贺明朝》，《词律》混入《贺圣朝》误。,70
143,甘草子,Ze,,《乐章集》注“正宫”。,30
144,珠帘卷,Ping,,调见欧阳修词，因词有“珠帘卷”句，取以为名。,5
145,画堂春,Ping,,调见《淮海集》。即咏画堂春色，取以为名。,145
146,喜长新,Ping,,唐教坊曲名。,1
147,金盏子令,Ping,,见《高丽史·乐志》。,2
148,献天寿,Ping,,见《高丽史·乐志》。,1
149,三字令,Ping,,调见《花间集》。前后段俱三字句，故名。,42
150,山花子,Ping,南唐浣溪沙|南唐浣溪纱|添字浣溪沙|添字浣溪纱|摊破浣溪沙|摊破浣溪纱|浣溪沙|感恩多令,唐教坊曲名，一名《南唐浣溪沙》。《梅苑》名《添字浣溪沙》，《乐府雅词》名《摊破浣溪沙》，《高丽史·乐志》名《感恩多令》。,307
151,忆馀杭,PingZeSwitch,忆余杭,见《湘山野录》。潘阆自度曲，因忆西湖诸胜，故名《忆馀杭》。《词律》编入《酒泉子》者误。,32
152,秋蕊香,Ze,教池回,此调有两体，四十八字者始于晏殊，九十七字者始于赵以夫，两词迥别，因词名同，故为类列。若柳永六十字《秋蕊香引》，仍即挨字另编。,53
153,胡捣练,Ze,望仙楼,此调与《捣练子》异，或云似《桃源忆故人》，但前后段起句有押韵不押韵之分。惟《望仙楼》调本此减字，观《梅苑》刻《望仙楼》词仍名《胡捣练》，可知矣。,16
154,桃源忆故人,Ze,虞美人影|胡捣练|醉桃园|杏花风|桃园忆故人,一名《虞美人影》。张先词或名《胡捣练》，陆游词名《桃源忆故人》，赵鼎词名《醉桃园》。韩淲词有“杏花风里东风峭”，名《杏花风》。,216
155,撼庭秋,Ze,,唐教坊曲名。一作《感庭秋》。,6
156,庆金枝,Ping,,《高丽史·乐志》名《庆金枝令》。,5
157,烛影摇红,Ze,忆故人|归去曲|玉珥坠金环|玉耳坠金环|秋色横空,"宋吴曾《能改斋漫录》：王都尉诜有《忆故人》词，徽宗喜其词意，犹以不丰容宛转为恨，乃令大晟乐府别撰腔，周邦彦增益其词，而以首句为名，谓之《烛影摇红》。
　　按王诜词本小令，原名《忆故人》，或名《归去曲》，以毛滂词有“送君归去添凄断”句也。若周邦彦词，则合毛、王二体为一阕。元赵雍词更名《玉珥坠金环》，元好问词更名《秋色横空》。",341
158,朝中措,Ping,照江梅|芙蓉曲|梅月圆,《宋史·乐志》：属黄钟宫。李祁词有“初见照江梅”句，名《照江梅》。韩淲词名《芙蓉曲》，又有“香动梅梢圆月”句，名《梅月圆》。,446
159,洞天春,Ze,,调见《六一词》，盖赋院落之春景如洞天也。,4
160,庆春时,Ping,,调见《小山乐府》，凡二首，俱庆赏春时宴乐之词。,7
161,眼儿媚,Ping,小阑干|东风寒|秋波媚,左誉词有“斜月小阑干”句，名《小阑干》。韩淲词有“东风拂槛露犹寒”句，名《东风寒》。陆游词名《秋波媚》。,329
162,人月圆,Ping,青衫湿,《中原音韵》注“黄钟宫”。此调始于王诜，因词中“人月圆时”句，取以为名。吴激词有“青衫泪湿”句，又名《青衫湿》。,143
163,喜团圆,Ping,与团圆,调见《小山乐府》。《花草粹编》无名氏词有“与个团圆”句，更名《与团圆》。,6
164,海棠春,Ze,海棠花|海棠春令,此调始自秦观，因词中有“试问海棠花，昨夜开多少”句，故名。马庄父词名《海棠花》，史达祖词名《海棠春令》。,92
165,武陵春,Ping,武林春,《梅苑》名《武林春》。,121
166,东坡引,Ze,,此调前后段两结，宋人类用叠句，惟曹冠、袁去华词二首独无，旧谱遗之，今并增定。,52
167,双鸂鶒,Ze,,调见朱敦儒《樵歌词》，因词有“一对双飞鸂鶒”句，故名。元高拭词注“正宫”。,5
168,鬲溪梅令,Ping,高溪梅令|鬲溪梅,姜夔自度曲，注“宫调”。原注“仙吕调”。一作《高溪梅令》。,45
169,伊州三台,Ping,,按唐有《宫中三台》、《江南三台》等曲，此云“伊州”者，亦本唐曲，取边地为名也。《三台》皆用六字成句，观赵师侠词前后起两句亦作六言，犹沿唐人旧体。若两结摊破六字二句为五字一句、七字一句，则新声矣，故另编一体。,5
170,双头莲令,Ping,,调见赵师侠《坦庵集》，咏信丰双莲，故制此词。,6
171,梅弄影,Ze,,调见《丘崇集》咏梅词，因结句有“巡池看弄影”名，取以为名。,4
172,茅山逢故人,Ze,,调见元人《叶儿乐府》，张雨句曲道中送友，自制词也。,4
173,阳台梦,Ze,,此调有两体，四十九字者调见《尊前集》，唐庄宗制，因词有“又入阳台梦”句，取以为名。五十七字者调见《花草粹编》，宋解昉制，即赋阳台梦题。两体截然不同。,14
174,月宫春,Ping,月中行,调见《花间集》毛文锡词。周邦彦更名《月中行》。《宋史·乐志》属小石角。,37
175,河渎神,PingZeSwitch,,唐教坊曲名。《花庵词选》云：“唐词多缘题所赋，《河渎神》之咏祠庙，亦其一也。”,51
176,归去来,Ze,,调见《乐章集》词二首。因词有“歌筵舞、且归去”、“休惆怅、好归去”句，取以为名。四十九字者自注“正平调”，五十二字者自注“中吕宫”。按《唐书·乐志》，仲吕羽为正平调，夹钟羽为中吕调，燕乐七羽之二也。,26
177,惜春郎,Ze,,调见《花草粹编》柳永词，因《乐章集》不载，故宫调无考。,2
178,极相思,Ping,,宋彭乘《墨客挥犀》云：“仁庙时，皇族中太尉夫人，一日入内，再拜告帝曰：‘妾有夫，不幸为婢妾所惑。’帝怒，流婢于千里。夫人亦得罪，居瑶华宫。太尉罚俸而不得朝。经岁，方春暮，夫人为词曲，名《极相思》，或加‘令’字。”,28
179,双韵子,Ze,,调见张先词集。按金元曲子有双声叠韵，调名疑出于此。,2
180,凤孤飞,Ze,,调见《小山乐府》。,4
181,柳梢青,Ping,云淡秋空|雨洗元宵|玉水明沙|早春怨|陇头月|柳稍青,此调两体，或押平韵，或押仄韵，字句悉同。押平韵者，宋韩淲词有“云淡秋空”句，名《云淡秋空》，有“雨洗元宵”句，名《雨洗元宵》，有“玉水明沙”句，名《玉水明沙》。元张雨词名《早春怨》。押仄韵者，《古今词话》无名氏词有“陇头残月”句，名《陇头月》。,586
182,醉乡春,Ze,添春色,宋惠洪《冷斋夜话》云：“少游在黄州，饮于海棠桥，桥南北多海棠，有书生家于海棠丛间。少游醉宿于此，题词壁间。”按此则知此调创自秦观，因后结有“醉乡广大人间小”句，故名《醉乡春》。又因前结有“春色又添多少”句，一名《添春色》。,14
183,太常引,Ping,太清引|腊前梅,《太和正音谱》注“仙吕宫”。一名《太清引》。韩淲词有“小春时候腊前梅”句，名《腊前梅》。,235
184,应天长,Ze,应天长令|应天长慢,此调有令词、慢词。令词始于韦庄，又有顾夐、毛文锡两体。宋毛幵词名《应天长令》。慢词始于柳永，《乐章集》注“林钟商调”。又有周邦彦一体，名《应天长慢》。,147
185,满宫花,Ze,满宫春,调见《花间集》。尹鹗赋宫怨词有“满地禁花慵扫”句，取以为名。,39
186,少年游,Ping,玉蜡梅枝|小阑干,"调见《珠玉集》。因词有“长似少年时”句，取以为名。《乐章集》注“林钟商调”。韩淲词有“明窗玉蜡梅枝好”句，更名《玉蜡梅枝》。萨都刺词名《小阑干》。
　　此调最为参差，今分七体，其源俱出于晏词。或添一字摊破前后段起句作四字两句者；或减一字摊破前后段第三、四句作七字一句者；或于前后段第二句添一字者；或于两结句添字、减字者，悉为类列，以便按谱查填。",343
187,偷声木兰花,PingZeSwitch,,此调亦本于《木兰花令》，前后段第三句减去三字，另偷平声，故云“偷声”。若《减字木兰花》前后段起句四字，则又从此调减去三字耳。,43
188,滴滴金,Ze,,蒋氏《九宫谱目》入黄钟宫。,29
189,忆汉月,Ze,望汉月,唐教坊曲名。柳永词名《望汉月》，《乐章集》注“正平调”。,33
190,西江月,PingAndZe,白苹香|步虚词|江月令|玉炉三涧雪,唐教坊曲名。《乐章集》注“中吕宫”。欧阳炯词有“两岸蘋香暗起”句，名《白蘋香》。程珌词名《步虚词》。王行词名《江月令》。,1357
191,惜春令,Ping,莺声绕红楼,宋周密《天基圣节乐次》有“方响独打，正宫《惜春》”。,9
192,留春令,Ze,,调见《小山乐府》。,40
193,梁州令,Ze,凉州令|梁州令叠韵,唐教坊曲名，一名《凉州令》。晁补之词名《梁州令叠韵》，盖合两首为一首也。《碧鸡漫志》云：“凉州即梁州，有七宫曲。”　按柳永《乐章集》注“中吕宫”。,28
194,盐角儿,Ze,,《碧鸡漫志》云：“始教坊家人市盐，于纸角中，得一曲谱，翻之，遂以为名，今双调《盐角儿令》是也。”,5
195,归田乐,Ze,归田乐引,黄庭坚词名《归田乐引》。,22
196,惜分飞,Ze,惜双双|惜双双令|惜芳菲,贺铸词名《惜双双》，刘弇词名《惜双双令》，曹冠词名《惜芳菲》。,124
197,孤馆深沉,Ping,孤馆深沈,调见宋黄大舆《梅苑》词。,4
198,促拍采桑子,Ping,促拍丑奴儿,调见朱希真《太平樵唱词》，一名《促拍丑奴儿》。促拍者，即促节繁声之意，《中原音韵》所谓“急曲子”也，字句与《采桑子》、《添字采桑子》迥别。,2
199,怨三三,Ping,,调见李之仪《姑溪词》，取词中前段结句意为名。,6
200,使牛子,Ze,,调见曹冠《燕喜词》。,5
201,折丹桂,Ze,,调见《相山词》。送人应举之作，取词中“仙籍桂香浮”句意为名，与《步蟾宫》别名《折丹桂》者不同。,12
202,竹香子,Ze,,调见刘过《龙洲集》。,4
203,城头月,Ze,,调见李昴英《文溪词》，和广帅马天骥韵，赠道士梁青霞作。此词盖马天骥所倡也，取词中起句为名。,27
204,四犯令,Ze,四和香|桂华明,调见侯寘《懒窟词》，李处全词更名《四和香》，关注词又名《桂华明》。,18
205,醉高歌,PingAndZe,,元姚燧自度曲。《太平乐府》注“中吕宫”。,2
206,黄鹤洞仙,Ze,黄鹤洞中仙,调见元彭致中《鸣鹤馀音》词。,16
207,破字令,Ze,,调见《高丽史·乐志》。,1
208,花前饮,Ze,,调见宋杨湜《古今词话》，取词中前段结句为名。,4
209,导引,Ping,,按宋鼓吹四曲，悉用教坊新声，车驾出入奏导引，此调是也。《宋史·乐志》：正宫、道调宫、黄钟宫、大石调、黄钟羽调、正平调、仙吕调，凡七曲，或五十字，或加一叠一百字。《金史·乐志》：五十字者属无射宫。按无射宫俗呼黄钟宫。,107
210,思越人,PingZeSwitch,思越人,调见《花间集》。按孙光宪词“馆娃宫外春深”，又“魂消目断西子”，张泌词“越波堤下长桥”，俱咏西子事，故名《思越人》，与《鹧鸪天》词别名《思越人》者不同。,19
211,探春令,Ze,探春|景龙灯,此调宋人俱咏初春风景，或咏梅花，故名《探春》。韩淲词有“景龙灯火升平世”句，名《景龙灯》。,58
212,越江吟,Ze,宴瑶池|燕瑶池|瑶池宴令|瑶池宴|瑶池燕,按宋释文莹《续湘山野录》云：“太宗酷爱琴曲十小词，命近臣十人各探一调、撰一词，苏翰林易简探得《越江吟》，遂赋此词。”后贺铸词因苏词起句有“瑶池宴”字，更名《宴瑶池》。苏轼词名《瑶池宴》。《乐府雅词》名《瑶池宴令》。,13
213,燕归梁,Ping,,调见《珠玉词》，因词有“双燕归飞绕画堂，似留恋虹梁”句，取以为名。柳永“织锦裁篇”词注“正平调”。“轻嗫罗鞋”词注“中吕调”。,62
214,雨中花令,Ze,送将归|雨中花,王观词名《送将归》。按《雨中花》调与《夜行船》调最易相混，宋人集中每多误刻。今照《花草粹编》所编，以两结句五字者为《雨中花》。两结句六字、七字者为《夜行船》。,106
215,凤来朝,Ze,,调见周邦彦《清真词》。,13
216,秋夜雨,Ze,,调见蒋捷《竹山乐府》，题“咏秋雨”。,17
217,伊州令,Ze,,唐教坊曲名，一作《伊川令》。《碧鸡漫志》云：“伊州有七商曲。”,2
218,木笪,Ze,,唐《教坊记》有《木笪》大曲，宋修内司所刊《乐府浑成集》亦有《木笪》曲名。周密《齐东野语》以为此音世人罕知。今《太平乐府》有白朴《乔木笪》词一套，疑其遗制。因《太和正音谱》采其首作，亦录以备一体。或名“乔木查”者误。,1
219,迎春乐,Ze,,宋柳永词注“林钟商”，元王行词注“夹钟商”。,57
220,梦仙郎,PingZeSwitch,,调见张先词集。,4
221,青门引,Ze,,调见《乐府雅词》及《天机馀锦》词，张先本集不载。,24
222,菊花新,Ze,,《乐章集》注“中吕调”。《齐东野语》云：“《菊花新》谱，教坊都管王公谨作也。”,22
223,醉红妆,Ping,,调见张先词集，因词中有“一般妆样百般娇”及“郎未醉，有金貂”句，取以为名。,23
224,思远人,Ze,,调见《小山乐府》，因词有“千里念行客”句，取其意以为名。,15
225,醉花阴,Ze,,《中原音韵》注“黄钟宫”。《太平乐府》注“中吕宫”。,267
226,望江东,Ze,,调见《山谷集》，因词有“望不见、江东路”句，取以为名。,14
227,入塞,Ping,,古乐府横吹曲有《入塞辞》，调名本此。,7
228,品令,Ze,,王行词注“夷则商”。,58
229,引驾行,Ze,长春,此调有五十二字者，有一百字者，有一百二十五字者。五十二字词，即一百字词前段。一百二十五字词，亦就一百字词多五句也。晁补之一百字词名《长春》。柳永一百字词注“中吕调”，一百二十五字词注“仙吕调”。,11
230,玉团儿,Ze,,调见周邦彦《片玉词》。因《清真集》不载，故方千里、杨泽民、陈允平俱无和词，宋惟卢炳、袁去华两词可校。,20
231,倾杯令,Ze,倾杯乐,唐教坊曲有《倾杯乐》，调名本此。但此令词与慢词名《倾杯乐》者不同。,11
232,锯解令,Ze,,调见《逃禅词》。,10
233,双雁儿,Ping,双燕子|化生儿|双燕儿,一名《双燕子》，《中原音韵》入商调。按此调微近《醉红妆》，但《醉红妆》后段第三句不用韵，此则前后俱用韵也。,15
234,寻芳草,Ze,王孙信,调见《稼轩词》，自注：一名《王孙信》。,11
235,恨来迟,Ping,恨欢迟,《梅苑》词名《恨欢迟》。,2
236,珍珠令,Ze,,调见张炎《山中白云词》。,5
237,寿延长破字令,Ze,,调见《高丽史·乐志》。,2
238,献天寿令,Ping,,调见《高丽史·乐志》。,1
239,折花令,Ze,,《调见高丽史·乐志》。,1
240,红窗听,Ze,红窗睡,柳永词注“仙吕调”。一名《红窗睡》。,20
241,上林春令,Ze,,《宋史·乐志》属中吕宫。,5
242,红窗迥,Ze,,调见周邦彦《片玉词》。,18
243,红罗袄,Ping,,唐教坊曲名。,8
244,折桂令,PingAndZe,秋风第一枝|天香引|蟾宫曲,《中原音韵》注“双调”。一名《秋风第一枝》，又名《天香引》，又名《蟾宫曲》。,36
245,荔子丹,Ping,,调见《高丽史·乐志》。,2
246,临江仙,Ping,谢新恩|雁后归|画屏春|庭院深深,"唐教坊曲名。《花庵词选》云，唐词多缘题所赋，《临江仙》之言水仙，亦其一也。宋柳永词注“仙吕调”，元高拭词注“南吕调”。李煜词名《谢新恩》。贺铸词有“人归落雁后”句，名《雁后归》。韩淲词有“罗帐画屏新梦悄”句，名《画屏春》。李清照词有“庭院深深深几许”句，名《庭院深深》。
　　按《乐章集》又有七十四字一体，九十三字一体，汲古阁本俱刻《临江仙》，今照《花草粹编》校定，一作《临江仙引》，一作《临江仙慢》，故不类列。
　　按《临江仙》调起于唐时，惟以前后段起句、结句辨体，其前后两起句七字、两结句七字者，以和凝词为主，无别家可校。其前后两起句七字、两结句四字、五字者，以张泌词为主，而以牛希济词之起句用韵、李煜词之前后换韵、顾夐词之结句添字类列。其前后两起句俱六字、两结俱五字两句者，以徐昌图词为主，而以向子諲词之第四句减字类列。其前后两起句俱七字、两结俱五字两句者，以贺铸词为主，而以晏几道词之第二句添字、冯延巳词之前后换韵、后段第四句减字、王观词之后段第四句减字类列。盖词谱专主辨体，原以创始之词、正体者列前，减字、添字者列后，兹从体制编次，稍诠世代，故不能仍按字数多寡也。他调准此。",2415
247,浪淘沙令,Ping,曲入冥|浪淘沙|卖花声|过龙门|炼丹砂,"《乐章集》注“歇指调”。蒋氏《九宫谱目》“越调”。按《唐书·礼乐志》，歇指调乃林钟律之商声。越调乃无射律之商声也。贺铸词名《曲入冥》，李清照词名《卖花声》，史达祖词名《过龙门》，马钰词名《炼丹砂》。
　　按唐人《浪淘沙》本七言断句，至南唐李煜始制两段令词，虽每段尚存七言诗两句，其实因旧曲名，另创新声也。杜安世词于前段起句减一字，柳永词于前后段起句各减一字，均为令词，句读悉同。即宋祁、杜安石仄韵词，稍变音节，然前后第二句四字、第三句七字，其源亦出于李煜词也。至柳永、周邦彦别作慢词，与此截然不同，盖调长拍缓，即古曼声之意也。《词律》于令词强为分体，于慢词或为类列者误。",1575
248,金错刀,Ping,君来路,汉张衡诗“美人赠我金错刀”，调名本此。此调见《花草粹编》，一名《醉瑶瑟》。叶李押仄韵词，名《君来路》。,14
249,端正好,Ze,于中好,杨无咎词名《于中好》。《中原音韵》注“正宫”。,29
250,杏花天,Ze,,蒋氏《九宫谱目》入越调，辛弃疾词名《杏花风》。此调微近《端正好》，坊本颇多误刻。今以六字折腰者为《端正好》，六字一气者为《杏花天》。,98
251,天下乐,Ze,,唐教坊曲名。,1
252,恋绣衾,Ping,泪珠弹,韩淲词有“泪珠弹，犹带粉香”句，名《泪珠弹》。,80
253,撷芳词,Ze,摘红英|折红英|清商怨|惜分钗|钗头凤|玉珑璁,"《古今词话》云：“政和间，京师妓之姥曾嫁伶官，常入内教舞，传禁中《撷芳词》以教其妓。人皆爱其声，又爱其词，类唐人所作。张尚书帅成都，蜀中传此词，竞唱之。却于前段下添‘忆忆忆’三字，后段下添‘得得得’三字，又名《摘红英》，殊失其义。不知禁中有“撷芳园”，故名“撷芳词”也。”
　　按程垓词名《折红英》，曾觌词名《清商怨》，吕渭老词名《惜分钗》，陆游因词中有“可怜孤似钗头凤”句，改名《钗头凤》，《能改斋漫录》无名氏词名《玉珑璁》。",142
254,鬓边华,Ze,,调见《梅苑》词。因词中有“映青鬓、开人醉眼”句，取以为名。,3
255,玉楼人,Ze,,调见《梅苑》词选本。,3
256,江月晃重山,Ping,,调见杨慎《词林万选》。每段上三句《西江月》体，下二句《小重山体》。,33
257,南乡一剪梅,Ping,,每段上三句《南乡子》体，下二句《一剪梅》体。,10
258,鹦鹉曲,Ze,黑漆弩|学士吟,一名《黑漆弩》，又名《学士吟》。白无咎词有“侬家鹦鹉洲边住”句，故名《鹦鹉曲》。《太平乐府》注“正宫”。,57
259,一七令,Ping,一字至七字诗|一字至七字体,按计敏夫《唐诗纪事》，白乐天分司东洛，朝贤悉会兴化池亭送别，酒酣，各请一字至七字诗，以题为韵，后遂沿为词调。,66
260,河传,PingZeSwitch,怨王孙|庆同天|月照梨花|秋光满目,"宋王灼《碧鸡漫志》云，《河传》，唐曲，今存者二。其一属南吕宫，前段仄韵，后段平韵。其一属无射宫，即《怨王孙》曲，外又有越调、仙吕调两曲。
    <br />按《河传》之名始于隋代，其词则创自温庭筠。《花间集》所载唐词，句读韵叶，颇极参差，然约计不过三体。有前后段两仄两平四换韵者，如温庭筠“湖上”词以下十五首是也。内韦庄词名《怨王孙》，宋人多宗之。欧阳修词注“越调”。张先词有“海宇，称庆，与天同”句，更名《庆同天》。李清照词有“人静皎月初斜，浸梨花”句，更名《月照梨花》。有前段仄韵、后段仄韵平韵者，如孙光宪“风飐”词以下五首是也，宋词无填此调者。有前后段皆仄韵者，如张泌“渺莽”词以下七首是也，宋词亦宗之。《乐章集》注“仙吕调”。徐昌图词有“秋光满目”句，更名《秋光满目》。历来旧谱，大都挨字类列，其体莫辨，阅者茫然。谱内划清三体，每体中细辨句读韵叶，各以类列，庶按谱时，各有所宗，不致混淆矣。",307
261,望远行,Ping,,唐教坊曲名。令词始自韦庄。《中原音韵》注“商调”。《太和正音谱》亦注“商调”。慢词始自柳永，“绣帏睡起”词注“中吕调”，“长空降瑞”词注“仙吕调”。,55
262,木兰花令,Ze,玉楼春,唐教坊曲名。《太和正音谱》注“高平调”。按《花间集》载《木兰花》、《玉楼春》两调，其七字八句者为《玉楼春》体，《木兰花》则韦词、毛词、魏词共三体，从无与《玉楼春》同者。自《尊前集》误刻以后，宋词相沿，率多混填。今照《花间集》本分列，旧谱误者悉为校正。,16
263,金莲绕凤楼,Ze,,调见《花草粹编》。此宋徽宗观灯词也，故名《金莲绕凤楼》。,3
264,睿恩新,Ze,,调见《珠玉词》。此调近《金莲绕凤楼》，但前后段第三句亦用上三下四句法，不押韵，与《金莲绕凤楼》词全属七言诗句押韵者不同。,6
265,芳草渡,PingZeSwitch,,此调有两体。令词始自欧阳修，有张先词可校。慢词始自周邦彦，有陈允平词可校。,35
266,夜行船,Ze,明月棹孤舟,《太平乐府》、《中原音韵》、元高拭词俱注“双调”。黄公绍词名《明月棹孤舟》。《词律》以《夜行船》混入《雨中花》，今照《花草粹编》分列。,119
267,金凤钩,Ze,,见晁补之《琴趣外篇》。此调微近《夜行船》，其实不同也。,9
268,鹧鸪天,Ping,思越人|思佳客|剪朝霞|骊歌一叠|醉梅花,《乐章集》注“正平调”。《太和正音谱》注“大石调”。蒋氏《九宫谱目》入仙吕引子。赵令畤词名《思越人》，李元膺词名《思佳客》。贺铸词有“剪刻朝霞钉露盘”句，名《剪朝霞》。韩淲词有“只唱骊歌一叠休”句，名《骊歌一叠》。卢祖皋词有“人醉梅花卧未醒”句，名《醉梅花》。,3444
269,鼓笛令,Ze,,调见《黄山谷集》。按宋词有《鼓笛慢》，乃《水龙吟》别体，与此无涉。,8
270,徵招调中腔,Ze,,唐段安节《乐府杂录》云，徵音有其声而无其字。宋《大晟乐府》始补《徵招》调。凡曲有歌头，有中腔，此《徵招》调之中腔也。,3
271,虞美人,PingZeSwitch,虞美人令|玉壶冰|忆柳曲|一江春水,唐教坊曲名。《碧鸡漫志》云：“《虞美人》旧曲三，其一属中吕调，其一属中吕宫，近世又转入黄钟宫。”元高拭词注“南吕调”。《乐府雅词》名《虞美人令》。周紫芝词有“只恐怕寒，难近玉壶冰”句，名《玉壶冰》。张炎词赋柳儿，因名《忆柳曲》。王行词取李煜“恰似一江春水向东流”句，名《一江春水》。,1578
272,瑞鹧鸪,Ping,舞春风|桃花落|鹧鸪词|拾菜娘|天下乐|太平乐|五拍|十报恩|报师恩,"《宋史·乐志》中吕调。元高拭词注“仙吕调”。《苕溪词话》云：“唐初歌词，多五言诗，或七言诗，今存者止《瑞鹧鸪》七言八句诗，犹依字易歌也。”
　　按《瑞鹧鸪》，原本七言律诗，因唐人歌之，遂成词调。冯延巳词名《舞春风》，陈彭年词名《桃花落》，尤袤词名《鹧鸪词》，元丘长春词名《拾菜娘》，《乐府纪闻》名《天下乐》。《梁溪漫录》词有“行听新声太平乐”句，名《太平乐》；有“犹传五拍到人间”句，名《五拍》。此皆七言八句也。至柳永有添字体，自注“般涉调”，有慢词体，自注“南吕宫”，皆与七言八句者不同。",205
273,玉楼春,Ze,惜春容|木兰花|木兰花令|西湖曲|归朝欢令,《花间集》顾夐词起句有“月照玉楼春漏促”句，又有“柳映玉楼春日晚”句，《尊前集》欧阳炯词起句有“春早玉楼烟雨夜”句，又有“日照玉楼花似锦，楼上醉和春色寝”句，取为调名。李煜词名《惜春容》，朱希真词名《西湖曲》，康与之词名《玉楼春令》，《高丽史·乐志》词名《归朝欢令》。《尊前集》注“大石调”，又“双调”。《乐章集》注“大石调”，又“林钟商调”。皆李煜词体也。《乐章集》又有仙吕调词，与各家平仄不同。,1061
274,凤衔杯,Ze,,此调有平韵、仄韵两体。仄韵者，《乐章集》注“大石调”。,33
275,鹊桥仙,Ze,鹊桥仙令|忆人人|金风玉露相逢曲|广寒秋,此调有两体。五十六字者始自欧阳修，因词中有“鹊迎桥路接天津”句，取为调名。周邦彦词名《鹊桥仙令》，《梅苑》词名《忆人人》。韩淲词取秦观词句，名《金风玉露相逢曲》，张辑词有“天风吹送广寒秋”句，名《广寒秋》。元高拭词注“仙吕调”。八十八字者始自柳永，《乐章集》注云：“歇指调”。,657
276,玉阑干,Ze,,调见《寿域词》。,9
277,思归乐,Ze,,《乐章集》注“林钟商”。,6
278,遍地锦,Ze,,调见毛滂《东堂词》，孙守席上咏牡丹花作也。《花草粹编》注“小石调”。,1
279,翻香令,Ping,,此调始自苏轼，取词中第二句“惜香爱把宝钗翻”句为名。,13
280,茶瓶儿,Ze,,调见《花庵词选》。始自北宋李元膺，至南宋赵彦端、石孝友二家，又摊破两结句法，减去两起句字，自成新声。,17
281,柳摇金,Ze,,调见《梅苑》。,3
282,卓牌子,Ze,卓牌子令|卓牌子慢,此调有两体，五十六字者始自杨无咎，一名《卓牌子令》。九十七字者始自万俟咏，一名《卓牌子慢》。,6
283,清江曲,PingZeSwitch,,此宋苏庠泛舟清江作也，体近古诗。因《花草粹编》采入，今仍之。,3
284,楼上曲,PingZeSwitch,,调见《芦川词》。因词中有“楼外”、“楼中”二句，故名。,5
285,厅前柳,Ping,亭前柳,朱雍词名《亭前柳》，金词注“越调”。,8
286,二色宫桃,Ze,,调见《梅苑》。其句读近《玉阑干》，而平仄不同。,1
287,市桥柳,Ze,,调见《齐东野语》。因第二句有“折尽市桥官柳”句，取以为名。,2
288,一斛珠,Ze,一斛夜明珠|醉落魄|怨春风|醉落拓,《宋史·乐志》名《一斛夜明珠》，属中吕调。《尊前集》注“商调”，金词注“仙吕调”，蒋氏《九宫谱目》入仙吕引子。晏几道词名《醉落魄》，张先词名《怨春风》，黄庭坚词名《醉落拓》。,282
289,夜游宫,Ze,新念别,金词注“般涉调”。贺铸词有“江北江南新念别”句，更名《新念别》。,67
290,梅花引,PingZeSwitch,贫也乐|小梅花,此调有两体，五十七字者，《中原音韵》注“越调”。高宪词有“须信在家贫也乐”句，名《贫也乐》。一百十四字者，即五十七字体再加一叠，贺铸词名《小梅花》。,85
291,荷叶铺水面,Ping,,调见《花草粹编》。,1
292,家山好,Ping,,调见《湘山野录》。因词中有“水晶宫里家山好”句，取为调名。,1
293,步虚子令,Ping,,调见《高丽史·乐志》。,2
294,小重山,Ping,小冲山|小重山令|柳色新,《宋史·乐志》：“双调”。李邴词名《小冲山》。姜夔词名《小重山令》。韩淲词有“点染烟浓柳色新”句，名《柳色新》。,382
295,踏莎行,Ze,喜朝天|柳长春|踏雪行|踏云行|蹋莎行|转调踏莎行,金词注“中吕调”。曹冠词名《喜朝天》，越长卿词名《柳长春》，《鸣鹤馀音》词名《踏雪行》。曾觌、陈亮词添字者，名《转调踏莎行》。,1315
296,宜男草,Ze,,调见范成大《石湖词》。,5
297,花上月令,Ping,,宋吴文英自度曲。,6
298,倚西楼,Ze,,调见《苕溪诗话》，因词有“西楼萧瑟有谁知”句，取以为名。,3
299,扫地舞,Ze,扫市舞,唐教坊曲名。一名《扫市舞》。,1
300,接贤宾,Ping,集贤宾,此调有两体，五十九字者始于毛文锡词，一百十七字者始于柳永词。《乐章集》注“林钟商调”。一名《集贤宾》。,7
301,步蟾宫,Ze,钓台词|折丹桂,蒋氏《九宫谱目》入南吕引子。韩淲词名《钓台词》，刘拟词名《折丹桂》。,90
302,恨春迟,Ping,,调见张先词集。,3
303,冉冉云,Ze,弄花雨,韩淲词有“倚遍阑干弄花雨”句，更名《弄花雨》。,3
304,蝶恋花,Ze,鹊踏枝|黄金缕|卷珠帘|明月生南浦|细雨吹池沼|凤栖梧|一箩金|鱼水同欢|转调蝶恋花,唐教坊曲。本名《鹊踏枝》，宋晏殊词改今名。《乐章集》注“小石调”，赵令畤词注“商调”，《太平乐府》注“双调”。冯延巳词有“杨柳风轻，展尽黄金缕”句，名《黄金缕》。赵令畤词有“不卷珠帘，人在深深院”句，名《卷珠帘》。司马槱词有“夜凉明月生南浦”句，名《明月生南浦》。韩淲词有“细雨吹池沼”句，名《细雨吹池沼》。贺铸词名《凤栖梧》，李石词名《一箩金》，衷元吉词名《鱼水同欢》，沈会宗词名《转调蝶恋花》。,3094
305,寿山曲,Ping,,调见赵德麟《侯鲭录》，南唐冯延巳作。因词中有“圣寿南山永同”句，故名。,1
306,秋蕊香引,Ze,,《乐章集》注“小石调”。,2
307,惜琼花,Ze,,调见张先词集，为吴兴守时所赋也。,7
308,朝玉阶,Ping,,见杜安世《寿域词》。其调近《散天花》，然换头句平仄自不同也。,15
309,散天花,Ping,,唐教坊曲名。,11
310,荷华媚,Ze,,调见《东坡词集》，即赋题本意也。,2
311,少年心,PingAndZe,添字少年心,调见山谷词。有两体，一名《添字少年心》。,2
312,七娘子,Ze,,蒋氏《九宫谱目》入正宫引子。,44
313,一剪梅,Ping,腊梅香|玉簟秋,元高拭词注“南吕宫”。周邦彦词起句有“一剪梅花万样娇”句，取以为名。韩淲词有“一朵梅花百和香”句名《腊梅香》。李清照词有“红藕香残玉簟秋”句，名《玉簟秋》。,387
314,寻梅,Ze,,调见《乐府雅词》及《梅苑》，盖咏梅花也。因词中有“朝来寻见”句。取以为名。,3
315,锦帐春,Ze,,调见《稼轩集》。因词有“春色难留”及“重帘不卷，翠屏天远”句，故名。,22
316,唐多令,Ping,糖多令|南楼令|箜篌曲,《太和正音谱》：越调，亦入高平调。一作《糖多令》。周密因刘过词有“二十年重过南楼”句，名《南楼令》。张翥词有“花下钿箜篌”句，名《箜篌曲》。,413
317,摊破采桑子,Ping,摊破丑奴儿,调见《惜香乐府》，即《采桑子令》也。因前后段俱添入和声，自成一体。,8
318,后庭宴,Ze,,《庚溪诗话》云：“宋宣和中，掘地得石刻唐词，调名《后庭宴》。”,14
319,鞓红,Ze,,调见《梅苑》。,5
320,贺熙朝,Ze,,调见《花间集》。,4
321,拨棹子,Ze,,唐教坊曲名。,6
322,玉堂春,PingZeSwitch,,调见《珠玉集》。,19
323,系裙腰,Ping,芳草渡,调见张先词集。宋媛魏氏词名《芳草渡》。,15
324,赞成功,Ping,,调见《花间集》。,8
325,定风波,PingZeSwitch,定风流|定风波令,唐教坊曲名。李珣词名《定风流》，张先词名《定风波令》。,330
326,破阵子,Ping,十拍子,"唐教坊曲名，一名《十拍子》。陈旸《乐书》云：“唐《破阵子乐》属龟兹部，秦王所制，舞用二千人，皆画衣甲，执旗旆。外藩镇春衣犒军设乐，亦舞此曲，兼马军引入场，尤壮观也。”
　　按唐《破阵乐》乃七言绝句，此盖因旧曲名另度新声。元高拭词注“正宫”。",124
327,金蕉叶,Ze,,此调始自柳永，因词中有“金蕉叶泛金波霁”句，取以为名。袁去华、蒋捷词皆从柳词减字。《乐章集》注“大石调”。元高拭词注“越调”。,24
328,渔家傲,Ze,忍辱仙人|采莲舞,"明蒋氏《九宫谱目》入中吕引子。
按此调始自晏殊，因词有“神仙一曲渔家傲”句，取以为名。如杜安世词三声叶韵，蔡伸词添字者，皆变体也。外有《十二个月鼓子词》，其十一月、十二月起句俱多一字。欧阳修词云：“十一月，新阳排寿宴。十二月，严凝天地闭。”欧阳原功词云：“十一月，都人居暖阁。十二月，都人供暖箑。”此皆因月令，故多一字，非添字体也。",785
329,苏幕遮,Ze,鬓云松令|鬓云松|云雾敛|苏莫遮,唐教坊曲名。按《唐书·宋务光传》，比见都邑坊市，相率为浑脱队，骏马戎服，名《苏幕遮》。　又按张说集有《苏幕遮》七言绝句，宋词盖因旧曲名，另度新声也。周邦彦词有“鬓云松”句，更名《鬓云松令》。金词注“般涉调”。,405
330,摊破南乡子,Ping,青杏儿|似娘儿|庆灵椿|闲闲令,《太平乐府》、《中原音韵》俱注“大石调”。高拭词注“南吕宫”。《太和正音谱》注“小石调，亦入仙吕宫”。赵长卿词名《青杏儿》，又名《似娘儿》。《翰墨全书》黄右曹词有“寿堂已庆灵椿老”句，名《庆灵椿》。《中州乐府》赵秉文词有“但教有酒身无事”句，名《閒閒令》。,43
331,明月逐人来,Ze,,按《能改斋漫录》云李持正自撰谱，盖因词有“皓月随人近远”句，故名。,22
332,甘州遍,Ping,,按唐教坊大曲有《甘州》。凡大曲多遍，此则《甘州曲》之一遍也。,13
333,别怨,Ping,,调见《惜香乐府》。因词有“翻成别怨不胜悲”句，取以为名。,3
334,麦秀两岐,Ze,麦秀两歧,唐教坊曲名。《碧鸡漫志》云，属黄钟宫。,4
335,献衷心,Ping,,唐教坊曲名。,7
336,黄钟乐,Ping,,唐教坊曲名。,8
337,醉春风,Ze,怨东风,赵鼎词名《怨东风》。《太平乐府》、《中原音韵》俱入中吕类。《太和正音谱》注“中吕宫，亦入正宫，又入双调”。蒋氏《十三调》注“中吕调”。,97
338,握金钗,Ze,戛金钗,《梅苑》无名氏词名《戛金钗》。,8
339,侍香金童,Ze,,金词注“黄钟宫”，又“黄钟调”。按《开天遗事》，王元宝常于寝帐床前，雕矮童二人，捧一宝博山炉，自暝焚香彻晓，调名取此。无名氏词即咏其事也。,21
340,缑山月,Ping,,蒋氏《九宫谱目》入正宫引子。,2
341,喝火令,Ping,,调见《琴趣外篇》。,118
342,芭蕉雨,Ze,,调见程垓《书舟词》。,17
343,淡黄柳,Ze,澹黄柳,姜夔自度曲。《白石集》注“正平调”。,61
344,辊绣毬,Ze,辊绣球,调见《惜香乐府》。,9
345,锦缠道,Ze,锦缠头|锦缠绊,《全芳备祖·乐府》名《锦缠头》，江衍词名《锦缠绊》，原注“黄钟宫”。,37
346,厌金杯,Ze,献金杯,调见《东山乐府》，一名《献金杯》。,4
347,庆春泽,Ze,,此调有两体，六十六字者见张先词，九十八字者见《梅苑》词。,12
348,行香子,Ping,爇心香,《中原音韵》、《太平乐府》俱注“双调”。蒋氏《九宫谱目》入中吕引子。,393
349,酷相思,Ze,,调见《书舟雅词》。,65
350,解佩令,Ze,解冤结,调见《小山乐府》。按《楚辞》“捐予佩兮澧浦”，《韩诗外传》“郑交甫遇汉皋神女解佩”，调名取此。,104
351,垂丝钓,Ze,,《中原音韵》注“商角调”。《太平乐府》注“商调”。,19
352,谢池春,Ze,风中柳|风中柳令|玉莲花|卖花声,李石词名《风中柳》，《高丽史》无名氏词名《风中柳令》，孙道绚词名《玉莲花》，黄澄词名《卖花声》。,92
353,胜胜令,Ping,声声令,俞克成词名《声声令》。,13
354,玉梅令,Ze,,姜夔自度高平调曲，因词中有“玉梅几树”句，取以为名。,10
355,青玉案,Ze,西湖路,汉张衡诗“何以报之青玉案”，调名取此。《中原音韵》注“双调”。《太和正音谱》注“高平调”。蒋氏《九宫谱目》入中吕引子。韩淲词有“苏公堤上西湖路”句，名《西湖路》。,509
356,感皇恩,Ze,叠萝花|泛清苕,唐教坊曲名。陈旸《乐书》：祥符中，诸工请增龟兹部如教坊，其曲有《双调感皇恩》。金词注“大石调”。《中原音韵》注“南吕宫”。党怀英词名《叠萝花》。,221
357,钿带长中调,Ping,鈿帶長中腔,调见《大声集》，即咏钿带香囊本意。,2
358,梦行云,Ze,六幺花十八|花十八,调见《梦窗词藁》。自注：“一名《六幺花十八》。”《碧鸡漫志》云：“六幺曲内一叠，名《花十八》，前后十八拍。”,6
359,三奠子,Ping,,调见元好问《锦机集》。按崔令钦《教坊记》有《奠璧子》小曲，此或即奠酒、奠声、奠璧为三奠，取以名词也。,13
360,凤凰阁,Ze,数花风,高拭词注“商调”。张炎词有“渐数花风第一”句，名《数花风》。,24
361,看花回,Ping,,琴曲有《看花回》，调名本此。此调有两体，六十八字者始自柳永，《乐章集》注“大石调”，《中原音韵》注“越调”，无别首宋词可校。一百一字者始自黄庭坚，有周邦彦、蔡伸、赵彦端诸词可校。,32
362,殢人娇,Ze,,《乐章集》注“林钟商”。,65
363,两同心,Ze,,此调有三体，仄韵者创自柳永，《乐章集》注“大石调”。平韵者创自晏几道。三声叶韵者创自杜安世。,35
364,拾翠羽,Ze,,《洛神赋》：“或拾翠羽”，调名取此。,4
365,连理枝,Ze,红娘子|小桃红|灼灼花,《尊前集》注“黄钟宫”。《宋史·乐志》：“琵琶曲，蕤宾调。”程垓词名《红娘子》。刘过词名《小桃红》，又名《灼灼花》。,96
366,月上海棠,Ze,玉关遥|月上海棠慢,此调有两体，七十字者见《梅苑》无名氏词，金词注“双调”。陆游词有“几曾传玉关遥信”句，更名《玉关遥》。九十一字者，见姜夔《白石词》，注“夹钟商”。曹勋词名《月上海棠慢》。,45
367,惜黄花,Ze,,调见《梅溪词》，金词注“仙吕调”。,26
368,且坐令,Ze,,调见《东浦词》。,3
369,佳人醉,Ze,,《乐章集》注“双调”。,6
370,西施,Ping,,《乐章集》注“仙吕调”。,14
371,小镇西犯,Ze,小镇西|镇西,唐教坊曲有《镇西子》，唐乐府亦有《镇西》七言绝句诗，此盖以旧曲名，另创新声也。《乐章集》有两调，七十一字者名《小镇西犯》，七十九字者名《小镇西》，或名《镇西》，俱注“仙吕调”。,10
372,千秋岁,Ze,千秋节,《宋史·乐志》：“歇指调”。金词注“中吕调”。一名《千秋节》。,214
373,惜奴娇,Ze,,元高拭词注“双调”。按《高丽史·乐志》，宋赐大晟乐内有《惜奴娇曲破》，择其雅者，亦为类列。,35
374,卓牌子近,Ze,,宋人填词，有犯、有近、有促拍、有近拍。近者，其腔调微近也。此调见《袁宣卿集》，名《卓牌子近》，因字句与《卓牌子》不同，故另录于此。,3
375,三登乐,Ze,,调见《石湖词》。按《汉书·食货志》：“三考黜陟，馀三年食，进业曰登。再登曰平，馀六年食。三登曰泰平，二十七岁，遗九年食。然后王德流洽，礼乐成焉。”《三登乐》之调名取此。,12
376,檐前铁,Ze,,调见《古今词话》。因词中有“檐前铁马戛叮当”句，故名。,2
377,甘露歌,PingZeSwitch,古祝英台,调见《乐府雅词》，一名《古祝英台》。,2
378,忆帝京,Ze,,《乐章集》注“南吕调”。,10
379,于飞乐,Ping,鸳鸯怨曲,金词注“高平调”。元词注“南吕调”。史达祖词名《鸳鸯怨曲》。,15
380,撼庭竹,PingAndZe,,此调有平韵、仄韵两体。,3
381,粉蝶儿,Ze,,调见毛滂《东堂词》。因词有“粉蝶儿，这回共花同活”句，取以为名。金词注“中吕调”。《太和正音谱》：“中吕宫”。,25
382,绕池游,Ze,,调见《乐府雅词》。蒋氏《九宫谱》注“双调”。,5
383,师师令,Ze,,杨慎《词品》：李师师，汴京名妓，张先为制新词，名《师师令》。,15
384,隔浦莲近拍,Ze,隔浦莲|隔浦莲近,唐《白居易集》有《隔浦莲》曲，调名本此。一名《隔浦莲》，又名《隔浦莲近》。,62
385,郭郎儿近拍,Ze,,调见《乐章集》，注“仙吕调”。按《乐府杂录》，傀儡子戏，其引歌舞有郭郎者，善优笑，闾里呼为郭郎，凡戏场必在俳儿之首。柳词调名或取诸此。,3
386,临江仙引,Ping,,调见《乐章集》，注“南吕调”。与《临江仙令》、《临江仙慢》不同。,10
387,碧牡丹,Ze,,金词注“中吕调”。,26
388,百媚娘,Ze,,调见张先词集，取词中“百媚算应天乞与”句为名。,16
389,风入松,Ping,风入松慢|远山横,古琴曲有《风入松》。唐僧皎然有《风入松》歌，见《乐府诗集》，调名本此。《宋史·乐志》注“林钟商”。元高拭词注“仙吕调”，又“双调”。蒋氏《十三调》注“双调”。亦名《风入松慢》。韩淲词有“小楼春映远山横”句，名《远山横》。,479
390,传言玉女,Ze,,高拭词注“黄钟宫”。按《汉武内传》，帝閒居承华殿，忽见一女子曰：“我墉宫玉女王子登也。至七月七日，王母暂来。”言讫，不知所在。世所谓传言玉女也。调名取此。,71
391,枕屏儿,Ze,,调见《梅苑》。,2
392,剔银镫,Ze,剔银灯|剔银灯引|剔银镫引,《乐章集》注“仙吕调”。金词亦注“仙吕调”。元高拭词注“中吕宫”。蒋氏《九宫谱》属中吕调，名《剔银灯引》。,50
393,隔帘听,Ze,,唐教坊曲名。《乐章集》注“林钟商”。,9
394,越溪春,Ping,,调见《六一居士词》，因词中有“春色遍天涯，越溪阆苑繁华地”句，取以为名，盖赋越溪春色也。,13
395,长生乐,Ping,,调见《珠玉集》。,5
396,诉衷情近,Ze,,调见《乐章集》，注“林钟商”。与《诉衷情令》不同。,15
397,下水船,Ze,,唐教坊曲名。按唐王保定《摭言》：裴庭裕，乾宁中在内庭，文书敏捷，号“下水船”。调名取此。,11
398,解蹀躞,Ze,玉蹀躞,曹勋词名《玉蹀躞》。,32
399,扑蝴蝶,Ze,扑蝴蝶近,按周密《癸辛杂志》云：“吴有小妓，善舞《扑蝴蝶》。”疑是舞曲。邵叔齐词名《扑蝴蝶近》。,22
400,千年调,Ze,相思会,曹组词名《相思会》，因词有“刚作千年调”句，辛弃疾改名《千年调》。,11
401,蕊珠閒,Ze,蕊珠闲,调见《介庵词》。,2
402,瑞云浓,Ze,,调见《逃禅集》。蒋氏《九宫谱》入黄钟宫。,9
403,番枪子,Ze,春草碧,调见金韩玉《东浦词》。李献能因此词后段结句有“春草碧”句，更名《春草碧》。,18
404,荔枝香,Ze,荔枝香近,《唐史·乐志》：“帝幸骊山，贵妃生日，命小部张乐长生殿，奏新曲，未有名，会南方进荔枝，因名《荔枝香》。”《碧鸡漫志》：“今歇指调、大石调，皆有近拍，不知何者为本曲。”按《荔枝香》有两体，七十六字者始自柳永，《乐章集》注“歇指调”，有周邦彦、方千里、杨泽民、陈允平及吴文英词可校。七十三字者始自周邦彦，有方千里、杨泽民、陈允平和词及袁去华词可校，一名《荔枝香近》。,36
405,婆罗门引,Ping,婆罗门|望月婆罗门引,《梅苑》词名《婆罗门》，段克己词名《望月婆罗门引》。按唐《教坊记》有《婆罗门》小曲，《宋史·乐志》有婆罗门舞队。《乐苑》曰：“《婆罗门》，商调曲也。开元中，西凉节度杨敬述进。”《理道要诀》云：“天宝十三载，改《婆罗门》为《霓裳羽衣》，属黄钟宫。”宋词调名疑出于此。,92
406,御街行,Ze,孤雁儿,柳永《乐章集》注“夹钟宫”。《古今词话》无名氏词有“听孤雁声嘹唳”句，更名《孤雁儿》。,111
407,韵令,Ping,,按唐《教坊记》有上韵、中韵、下韵三小韵，《韵令》调名疑出于此。宋周辉《清波杂志》云：“宣和间，衣著曰韵襭，果实曰韵梅，词曲曰韵令。”张世南《游宦纪闻》云：“宣和间，市井竞唱《韵令》。”,3
408,春声碎,Ze,,调见《翰墨全书》。取词前段结句三字为名。,5
409,凤楼春,Ping,,唐教坊曲名。,7
410,祝英台近,Ze,宝钗分|月底修箫谱|燕莺语|寒食词,元高拭词注“越调”。辛弃疾词有“宝钗分，桃叶渡”句，名《宝钗分》。张辑词有“趁月底重箫谱”句，名《月底修箫谱》。韩淲词有“燕莺语，溪岸点点飞锦”句，名《燕莺语》，又有“却又在他乡寒食”句，名《寒食词》。,482
411,四园竹,PingAndZe,,调见《片玉集》。,22
412,侧犯,Ze,,陈旸《乐书》云：“唐自天后末年，剑气入浑脱，始为犯声，明皇时，乐人孙处秀，善吹笛，好作犯声，时人因为新意而效之，因有犯调。”姜夔词注云：“唐人《乐书》，以宫犯羽者为侧犯。”此调创自周邦彦，调名或本于此。,37
413,离亭宴,Ze,离亭燕,调始张先，因词中有“随处是离亭别宴”句，取以为名。,47
414,阳关引,Ze,古阳关,此调始自宋寇准词，本檃括王维《阳关曲》而作，故名。晁补之词名《古阳关》。,10
415,一丛花,Ping,,调见《东坡词》，有欧阳修、晁补之、秦观、程垓词可校。,102
416,甘州令,Ze,,《碧鸡漫志》：仙吕调有《甘州令》。《乐章集·甘州令》注“亦仙吕调”。字句与《甘州子》、《甘州遍》、《八声甘州》不同。,2
417,山亭柳,Ping,,此调有平韵、仄韵两体，平韵者始自晏殊，仄韵者始自杜安世。,12
418,梦还京,Ze,,《乐章集》注“大石调”。,2
419,忆黄梅,Ze,,调见《梅苑》。,3
420,红林檎近,Ping,红林檎慢,蒋氏《十三调》注“双调”。,41
421,快活年近拍,Ze,,金词注“黄钟宫”。《太和正音谱》：“双调”。,1
422,金人捧露盘,Ping,铜人捧露盘|上平西|上丹霄|上西平|西平曲|上平南,一名《铜人捧露盘》。程垓词名《上平西》，张元干词名《上西平》，又名《西平曲》。刘昂词名《上平南》。金词注“越调”。,89
423,过涧歇,Ze,,《乐章集》注“中吕调”。,18
424,瑶阶草,Ze,,调见《书舟词》。,2
425,安公子,Ze,,唐教坊曲名。《碧鸡漫志》云：“据《理道要诀》，唐时《安公子》在太簇角。今已不传，其见于世者，中吕调有《安公子近》，般涉调有《安公子慢》。”　按柳永“长川波潋滟”词自注“中吕调”，“远岸收残雨”词自注“般涉调”，但蒋氏《十三调》谱采柳永“长川波潋滟”词，又注“正宫“。,36
426,应景乐,Ze,,词见《花草粹编》。,2
427,柳初新,Ze,,宋周密《天基圣节乐次》：第十三盏，觱篥起《柳初新慢》。《乐章集》注“大石调“。,15
428,斗百花,Ze,夏州,《乐章集》注“正宫“。晁补之词一名《夏州》。,21
429,皂罗特髻,Ze,,调见宋苏轼词，词中有“髻鬟初合”句，亦赋题也。,10
430,最高楼,PingZeSwitch,,此调押平声韵，或押仄声韵，但宋金元词押平韵者居多，其中有前段起句三字、第三句五字者，有前段起句三字、第三句六字者，有前段起句四字、第三句六字者，例于后段第一、二句俱间押仄韵，此为定格。或后段第一、二句三声叶韵，或第一句押平韵、第二句不押韵，或第一句不押韵、第二句仍押平韵，或第一、二句俱不押韵，均属变格。若全押仄韵，则惟无名氏一词，见之《梅苑》，宋金元无填此体者。,121
431,倒垂柳,Ze,,唐教坊曲名。,3
432,彩凤飞,Ze,彩凤舞,一作《彩凤舞》。,1
433,有有令,Ze,,调见《惜香乐府》。,4
434,拂霓裳,Ping,,唐教坊曲名。《碧鸡漫志》：“《拂霓裳》，般涉调。”《宋史·乐志》：“女弟子舞队第五有拂霓裳队。”,21
435,柳腰轻,Ze,,调见《乐章集》，注“中吕宫“。因词有“英英妙舞腰肢软，章台柳，昭阳燕”句，取以为名。,12
436,爪茉莉,Ze,,调见《花草粹编》，《乐章集》不载。,19
437,蓦山溪,Ze,上阳春|心月照云溪,《翰墨全书》名《上阳春》。金词注“大石调”。,401
438,千秋岁引,Ze,千秋岁令|千秋万岁,《高丽史·乐志》名《千秋岁令》。李冠词名《千秋万岁》。,47
439,早梅芳,Ze,早梅芳近,一名《早梅芳近》。,30
440,新荷叶,Ping,折新荷引|泛兰舟,蒋氏《九宫谱》作正宫引子。赵抃词名《折新荷引》，又因词中有“画桡稳，泛兰舟”句，或名《泛兰舟》，然与仄韵《泛兰舟》调迥别。,45
441,南州春色,Ping,,调见元陶豰《辍耕录》，因词中有“管取南州春色”句，取以为名。,1
442,长寿乐,Ze,,《宋史·乐志》：“仙吕调”。《乐章集》注“平调”。,4
443,迷仙引,Ze,,《乐章集》注“双调”。,9
444,促拍满路花,Ping,满路花|满园花|归去难|一枝花|喝马一枝花,此调有平韵、仄韵二体。平韵者始自柳永，《乐章集》注“仙吕调”。仄韵者始自秦观，或名《满路花》，无“促拍”二字。秦观词一名《满园花》，周邦彦词名《归去难》，袁去华词名《一枝花》，牛真人词名《喝马一枝花》。《太平乐府》注“南吕调”。,116
445,黄鹤引,Ze,,宋方勺《泊宅编》云：“先子晚官邓州，一日秋风起，思吴中山水，尝信笔作长短句，序云：‘阮田曹所制《黄鹤引》，爱其词调清高，寄为一阕，命稚子歌之，以侑尊焉。’”,4
446,洞仙歌,Ze,洞仙歌令|羽仙歌|洞仙词|洞中仙,唐教坊曲名。此调有令词，有慢词。令词自八十三字至九十三字，共三十五首。康与之词名《洞仙歌令》，潘牥词名《羽仙歌》，袁易词名《洞仙词》。《宋史·乐志》名《洞中仙》，注“林钟商调”，又“歇指调”。金词注“大石调”。慢词自一百十八字至一百二十六字，共五首。柳永《乐章集》“嘉景”词注“般涉调”，“乘兴閒泛兰舟”词注“仙吕调”，“佳景留心惯”词注“中吕调”。按张綖《诗馀图谱》，前段六句三韵，后段七句三韵，前后段第三句俱七字，第四句俱九字，前段结句六字，后段结句九字，此令词正体也，间有摊破、添字句、添韵者，皆从此出，谱中句读悉据之。,793
447,望云涯引,Ze,,调见《乐府雅词》。,5
448,泛兰舟,Ze,,调见《梅苑》。与前《新荷叶》别名《泛兰舟》平韵词不同。,2
449,踏歌,Ze,,调见《太平樵唱》词，又见《梅苑群贤词》，与唐人小令《踏歌行》不同。,8
450,秋夜月,Ze,,调见《尊前集》，因尹鹗词起结有“三秋佳节”及“夜深、窗透数条寒月”句，取以为名。《乐章集》注“夹钟商”。,6
451,祭天神,Ze,,调见柳永《乐章集》，八十四字词注“中吕调”，八十五字词注“歇指调”。,10
452,鹤冲天,Ze,,调见柳永《乐章集》。“閒窗漏永”词注“大石调”。“黄金榜上”词注“正宫”。与《喜迁莺》、《春光好》别名《鹤冲天》者不同。,14
453,少年游慢,Ze,,调见张先词。因词有“少年得意时节”句，取以为名，与《少年游令》不同。,3
454,兀令,Ze,,调见《东山集》。,2
455,踏青游,Ze,,调见苏轼词，踏青作也。因词有“踏青游”句，取以为名。,19
456,梦玉人引,Ze,,此调有平韵、仄韵两体，字句大同小异。,16
457,蕙兰芳引,Ze,蕙兰芳,调见《清真乐府》，方千里、杨泽民、陈允平俱有和词。杨词一名《蕙兰芳》，无“引”字。,44
458,倾杯近,Ze,,调见袁去华集。与《倾杯令》、《倾杯乐》二体不同。,2
459,清波引,Ze,,调见《白石集》，姜夔自度曲。,30
460,簇水,Ze,,调见《惜香乐府》。,17
461,受恩深,Ze,,一作《爱恩深》。《乐章集》注“大石调”。,3
462,婆罗门令,Ze,,调见柳永《乐章集》，原注“夹钟商”。与《婆罗门引》不同。,10
463,华胥引,Ze,,按《列子》：“黄帝昼寝，而梦游于华胥，既寤，怡然自得。又二十八年，天下大治，几若华胥国矣。”调名取此，词见《清真集》。,41
464,五福降中天,Ping,,调见《花草粹编》，一作《五福降中天慢》。,2
465,离别难,PingZeSwitch,,唐教坊曲名。按段安节《乐府杂录》：“天后朝，有士人妻配入掖庭，善吹觱篥，乃撰此曲，盖五言八句诗也。”《白居易集》亦有七言绝句诗。薛词见《花间集》，乃借旧曲名另倚新声者，因词有“罗帏乍别情难”句，取以为名。宋柳永词则又与薛词不同，《乐章集》注“中吕调”。,14
466,江城梅花引,Ping,摊破江城子|四笑江梅引|梅花引|江梅引|明月引|西湖明月引,按万俟咏《梅花引》句读与《江城子》相近，故可合为一调。程垓词换头句藏短韵者名《摊破江城子》。江皓词三声叶者四首，每首有一“笑”字，名《四笑江梅引》。周密词三声叶韵者名《梅花引》，全押平韵者名《明月引》。陈允平词名《西湖明月引》。,139
467,寰海清,Ping,,《宋史·乐志》：“琵琶曲名，大石调。”,2
468,劝金船,Ze,,"张先词序：“流杯堂唱和翰林主人元素自撰腔。”苏轼词序：“和元素韵，自撰腔命名。”
　　按元素，杨绘元素也。因张先词有“何人窨得金船酒”句，名《劝金船》。",6
469,醉思仙,Ping,,调见吕渭老词，因词有“怎惯不思量”及“当时醉倒残缸”句，取以为名。,6
470,玉人歌,Ze,,调见《西樵语丛》。,8
471,惜红衣,Ze,,姜夔自度曲，属无射宫，取词内“红衣半狼籍”句为名。,132
472,鱼游春水,Ze,,《复斋漫录》：”政和中，一中贵使越州回，得词于古碑，无名无谱，录以进御，命大晟府填腔，因词中语，赐名《鱼游春水》。”,25
473,卜算子慢,Ze,,《乐章集》注“歇指调”。,38
474,雪狮儿,Ze,,调见《书舟集》。,44
475,石湖仙,Ze,,姜夔自度曲，寿范成大作也。成大号石湖，故以“石湖仙”命调，《白石集》注“越调”。,41
476,八六子,Ping,感黄鹂,秦观词有“黄鹂又啼数声”句，又名《感黄鹂》。,57
477,谢池春慢,Ze,,调见《古今词话》，张先玉仙观道中逢谢媚卿作，盖慢词也，与六十六字《谢池春》令词不同。,12
478,采桑子慢,Ping,丑奴儿慢|愁春未醒|丑奴儿近|叠青钱,一名《丑奴儿慢》。潘元质词有“愁春未醒”句，亦名《愁春未醒》。辛弃疾词名《丑奴儿近》。《花草粹编》无名氏词名《叠青钱》。,54
479,探芳信,Ze,西湖春|西湖讯|探芳讯,调见《梅溪词》，张炎次周密“西泠春感”韵词，名《西湖春》。,64
480,遥天奉翠华引,Ping,,调见《懒窟词》。,2
481,夏云峰,Ping,,《乐章集》注“歇指调”。,20
482,采莲令,Ze,,按《宋史·乐志》，曲宴游幸，教坊所奏十八调曲，九曰《双调·采莲》，今柳永《乐章集》有之，亦注“双调”。《碧鸡漫志》：“夹钟商，俗呼双调”。,14
483,醉翁操,Ping,,琴曲，属正宫。苏轼自序：琅邪幽谷，山川奇丽，泉鸣空涧，若中音会。醉翁喜之，把酒临听，辄欣然忘归。既去十馀年，好奇之士沈遵闻之往游，以琴写其声，曰《醉翁操》。然有声而无词，好事者倚其声制曲，粗合拍度，而琴声为词所绳约，非天成也。后三十年，翁既捐馆舍，遵亦殁，有庐山玉涧道人崔閒，妙于琴，恨此曲之无词，乃谱其声，而请东坡居士补之云。,37
484,红芍药,Ze,,蒋氏《九宫谱目》入南吕调。,4
485,法曲献仙音,Ze,献仙音|越女镜心,陈旸《乐书》云：“法曲兴于唐，其声始出清商部，比正律差四律，有铙钹钟磬之音，《献仙音》其一也。”又云：“圣朝法曲乐器有琵琶、五弦筝、箜篌、笙、笛、觱篥、方响、拍板，其曲所存，不过道调《望瀛》、小石《献仙音》而已，其馀皆不复见矣。”《乐章集》注“小石调”。姜夔词注“大石调”。周密词名《献仙音》。姜夔词名《越女镜心》。按唐张籍酬朱庆馀诗有“越女新妆出镜心”句，姜词调名本此。,120
486,金盏倒垂莲,Ping,,此调有平韵、仄韵两体。平韵者见晁无咎《琴趣外篇》及《梅苑》词。仄韵者见《松隐词》。,10
487,塞翁吟,Ping,,调见《清真乐府》，取《淮南子》塞上叟事为调名。,29
488,意难忘,Ping,,元高拭词注“南吕调”。,94
489,东风齐著力,Ping,东风齐着力,调见《草堂诗馀》，胡浩然《除夕》词也。按《礼记·月令》：“孟春之月，东风解冻。”又唐人曹松《除夜》诗：“残腊即又尽，东风应渐闻。”故云《东风齐著力》。,35
490,远朝归,Ze,,调见《梅苑》词。,6
491,露华,Ze,露华慢,唐李白《清平调》词：“东风拂槛露华浓”，调名本此。按此调有仄韵、平韵两体，周密平韵词名《露华慢》。,50
492,薄媚摘遍,PingAndZe,薄媚,"沈括《梦溪笔谈》：“所谓大遍者，凡数十解，每解有数叠。裁截用之，则谓之摘遍。”
　　按《薄媚》大曲凡十遍，此盖摘其《入破》之一遍也。",12
493,恋香衾,Ping,,金词注“仙吕调”。,2
494,满江红,Ze,平调满江红|平韵满江红,此调有仄韵、平韵两体，仄韵词，宋人填者最多，其体不一，今以柳词为正体，其馀各以类列。《乐章集》注“仙吕调”，高栻词注“南吕调”。平韵词祇有姜词一体，宋元人俱如此填。,2336
495,凄凉犯,Ze,瑞鹤仙影,《白石词》注“仙吕调犯商调”，一名《瑞鹤仙影》。其自序曰：“合肥巷陌皆种柳，秋风夕起骚骚然。余客居阖户，时闻马嘶，出城四顾，则荒烟野草，不胜凄黯，乃著此解。琴有《凄凉调》，假以为名。凡曲言犯者，谓以宫犯商、商犯宫之类。如道调宫上字住，双调亦上字住，所住字同，故道调曲中犯双调，或于双调曲中犯道调，其他准此。唐人《乐书》云：犯有正、旁、偏、侧，宫犯宫为正，宫犯商为旁，宫犯角为偏，宫犯羽为侧。此说非也。十二宫所住字各不同，不容相犯。十二宫特可犯商、角、羽耳。”,91
496,浣溪纱慢,Ze,浣溪沙慢,调见《片玉集》，亦名《浣溪纱慢》。,13
497,四犯剪梅花,Ze,轳辘金井|辘轳金井|月城春|锦园春|三犯锦园春,调见《龙洲词》。前后段首句不押韵者名《四犯剪梅花》，押韵者名《轳辘金井》。卢祖皋词名《月城春》。又名《锦园春》，一名《三犯锦园春》。,39
498,高平探芳新,PingAndZe,,调见《梦窗词》，吴文英自度高平调曲。,5
499,临江仙慢,Ping,,《乐章集》注“仙吕调”。,14
500,雪明鳷鹊夜,Ze,,调见《花草粹编》。,2
501,玉漏迟,Ze,,蒋氏《九宫谱》：黄钟宫。,168
502,尾犯,Ze,碧芙蓉,调见《乐章集》。“夜雨滴空阶”词注“正宫”，“晴烟羃羃”词注“林钟商”。秦观词名《碧芙蓉》。,46
503,驻马听,Ping,,《乐章集》注“林钟商”。,7
504,雪梅香,Ping,,《乐章集》注“正宫”。,30
505,六幺令,Ze,绿腰|六么令|乐世|录要,"《碧鸡漫志》：“《六幺》一名《绿腰》，一名《乐世》，一名《录要》。或云此曲拍无过六字者，故曰《六么》。今《六么》行于世者，曰黄钟羽，即俗呼般涉调；曰夹钟羽，即俗呼中吕调；曰林钟羽，即俗呼高平调；曰夷则羽，即俗呼仙吕调，皆羽调也。”
　　按今《乐章集》，柳永九十四字词原注“仙吕调”，即《碧鸡漫志》所云羽调之一。",85
506,保寿乐,Ze,,周密《天基圣节乐次》：“再坐第六盏，觱篥独吹商角调筵前《保寿乐》。”,2
507,惜秋华,Ze,,吴文英自度曲。,64
508,古香慢,Ze,,吴文英自度曲，原注“夷则商，犯无射宫”。,16
509,芙蓉月,Ze,,调见《虚斋乐府》，盖咏芙蓉，因词中有“残月澹”句，故名《芙蓉月》。,4
510,一枝春,Ze,,调见杨缵词，其自度曲也。,71
511,梅子黄时雨,Ze,,调见《山中白云词》。,27
512,如鱼水,Ping,,《乐章集》注“仙吕调”。,5
513,赏松菊,Ze,,调见曹勋《松隐集》。,3
514,二色莲,Ze,,调见《松隐集》，即咏《二色莲》。,2
515,塞孤,Ze,塞孤,调见《乐章集》，原注“般涉调”。本名《塞孤》，《词律》编入《塞姑》词，后者误。,16
516,水调歌头,Ping,元会曲|凯歌,《碧鸡漫志》属中吕调。毛滂词名《元会曲》，张矩词名《凯歌》。按《水调》乃唐人大曲，凡大曲有歌头，此必裁截其歌头，另倚新声也。,1894
517,扫地游,Ze,扫花游|埽花游|埽地游|埽地花,调见《清真词》，因词有“占地持杯，扫花寻路”句，取以为名。又名《扫花游》。,170
518,满庭芳,Ping,锁阳台|满庭霜|潇湘夜雨|话桐乡|江南好|满庭花|转调满庭芳,此调有平韵、仄韵两体。平韵者，周邦彦词名《锁阳台》。葛立方词有“要看黄昏庭院，横斜映霜月朦胧”句，名《满庭霜》。晁补之词有“堪与潇湘暮雨，图上画扁舟”句，名《潇湘夜雨》。韩淲词有“甘棠遗爱，留与话桐乡”句，名《话桐乡》。吴文英词因苏轼词有“江南好，千钟美酒，一曲满庭芳”句，名《江南好》。张野词名《满庭花》。《太平乐府》注“中吕宫”，高拭词注“中吕调”。仄韵者，《乐府雅词》名《转调满庭芳》。,1454
519,白雪,Ping,,调见《逃禅集》，杨无咎自制曲。题本赋雪，故即以《白雪》名调。,3
520,徵招,Ze,征招,《宋史·乐志》：“政和间，诏以大晟雅乐施于燕飨，御殿按试，补徵、角二调，播之教坊。”调名始此。,117
521,双瑞莲,Ze,,调见《虚斋乐府》，词咏并头莲，即以为名。,6
522,玉京秋,Ze,,调见《蘋洲渔笛谱》。,28
523,小圣乐,PingAndZe,骤雨打新荷,金元好问自度曲。《太平乐府》、《太和正音谱》俱注“双调”。蒋氏《九宫谱目》入小石调。因词中前结有“骤雨过，打遍新荷”句，更名《骤雨打新荷》。,3
524,玉女迎春慢,Ze,,调见凤林书院元词。,9
525,玉梅香慢,Ze,,调见《梅苑》，与《梅香慢》、《早梅香》、《雪梅香》不同。,1
526,金浮图,Ze,,调见《尊前集》。,10
527,阳台路,Ze,,《乐章集》注“林钟商”。,10
528,黄莺儿,Ze,,调见《乐章集》，原注“正宫”。即咏黄莺儿，取以为名。,23
529,天香,Ze,,《法苑珠林》云：“天童子天香甚香。”调名本此。,175
530,熙州慢,PingAndZe,熙州,《唐书·礼乐志》：“天宝乐曲皆以边地名，若伊州、甘州、凉州之类。”　按宋改镇洮军为熙州，本秦汉时陇西郡，亦边地也。调名《熙州》，义或取此。,3
531,汉宫春,Ping,汉宫春慢,《高丽史·乐志》名《汉宫春慢》。此调有平韵、仄韵两体，平韵词八首，仄韵词两首，皆以前后段起句用韵、不用韵辨体。,209
532,倦寻芳,Ze,倦寻芳慢,王雱词注“中吕宫”。潘元质词名《倦寻芳慢》。,109
533,剑器近,Ze,,《宋史·乐志》：“教坊奏《剑器》曲，其一属中吕宫，其二属黄钟宫，又有《剑器》舞队。”此云“近”者，其声调相近也。,9
534,秋兰香,Ping,,调见《全芳备祖》。,3
535,凤鸾双舞,Ze,,调见《水云词》。,1
536,行香子慢,Ping,,调见《高丽史·乐志》，此《行香子》慢词，与《行香子》小令不同。,2
537,甘露滴乔松,PingAndZe,,调见《翰墨全书》。,3
538,庆千秋,Ping,,调见《翰墨全书》。周密《天基圣节乐次》云：“第十盏，笛独吹高平调《庆千秋》。”,2
539,塞垣春,Ze,,调见《片玉词》。,22
540,望云间,Ping,望云閒,调见《翰墨全书》，赵可登代州南楼，自度此腔。,5
541,步月,Ping,,此调有平韵、仄韵两体。平韵者见史达祖《梅溪词》，仄韵者见施岳《梅川词》。,11
542,早梅香,Ze,,调见《梅苑》，因词中有“探得早梅”及“乱飞香雪”句，故名。,1
543,八声甘州,Ping,八声|甘州|萧萧雨|潇潇雨|宴瑶池,《碧鸡漫志》：“《甘州》，仙吕调，有曲破，有八声，有慢，有令。”按此调前后段八韵，故名“八声”，乃慢词也，与《甘州遍》之曲破，《甘州子》之令词不同。《乐章集》亦注“仙吕调”。周密词名《甘州》。张炎词因柳词有“对萧萧暮雨洒江天”句，更名《萧萧雨》。白朴词名《宴瑶池》。,648
544,迷神引,Ze,,《乐章集》注“中吕调”。,26
545,醉蓬莱,Ze,雪月交光|冰玉风月,《乐章集》注“林钟商”。赵磻老词有“璧月流光，雪消寒峭”句，名《雪月交光》。韩淲词有“玉作山前，冰为水际，几多风月”句，名《冰玉风月》。,180
546,凤凰台上忆吹箫,Ping,忆吹箫,《列仙传拾遗》云：“萧史善吹箫，作鸾凤之声。秦穆公有女弄玉，善吹箫，公以妻之，遂教弄玉作凤鸣。居十数年，凤凰来止，公为作凤台，夫妇止其上。数年，弄玉乘凤，萧史乘龙去。”调名取此。《高丽史·乐志》一名《忆吹箫》。,269
547,夜合花,Ping,,调见《琴趣外篇》。按夜合花，合欢树也，唐韦应物诗：“夜合花开香满庭”，调名取此。,47
548,采明珠,Ze,,曹植《洛神赋》：“或采明珠”，调名取此。《宋史·乐志》：“曲破中吕调，《采明珠》。”,2
549,庆清朝,Ping,,一作《庆清朝慢》。,68
550,黄鹂绕碧树,Ze,,调见《清真乐府》。,14
551,帝台春,Ze,,唐教坊曲名。《宋史·乐志》：琵琶曲有《帝台春》，属无射宫。,18
552,瑶台第一层,Ping,,宋陈师道《后山诗话》：“武才人出庆寿宫，裕陵得之。会教坊献新声，为作词，号《瑶台第一层》。”,30
553,暗香,Ze,红情,宋姜夔自度仙吕宫曲，咏梅花作也。张炎以此调咏荷花，更名《红情》。,159
554,梦芙蓉,Ze,,吴文英自度曲，题赵昌所画芙蓉作也，因词有“梦断琼仙”句，故名《梦芙蓉》。,34
555,西子妆,Ze,西子妆慢,张炎词序：“吴梦窗自制此曲。”或加“慢”字。,82
556,玉京谣,Ze,,吴文英自度曲，自注“夷则商，犯无射宫”。按《枕中书》：“玉京在大罗天之上。”李白诗有“手把芙蓉朝玉京”句。此文英赠陈藏一词，见《随隐漫录》，盖赋京华羁旅之况，故借玉京以为调名。,21
557,被花恼,Ze,,杨缵自度曲，因词中有“被花恼”句，取以为名。,20
558,绿盖舞风轻,Ze,,调见《蘋洲渔笛谱》，周密咏荷花自度曲也。,9
559,月边娇,Ze,,调见《蘋洲渔笛谱》，周密自度曲。,10
560,松梢月,Ping,,调见曹勋《松隐集》，因词有“喜挹蟾华当松顶”句，取以为名。,1
561,四槛花,Ping,,调见曹勋《松隐集》。,2
562,长亭怨慢,Ze,长亭怨,姜夔自度中吕宫曲，或作《长亭怨》，无“慢”字。,240
563,玉簟凉,Ping,,调见《梅溪词》。,13
564,留客住,Ze,,唐教坊曲名。《乐章集》注“林钟商”。,19
565,昼夜乐,Ze,,《乐章集》注“中吕宫”。,23
566,雨中花慢,Ping,,此词有平韵、仄韵两体。平韵者始自苏轼，仄韵者始自秦观。柳永平韵词，《乐章集》注“林钟商”。,86
567,万年欢,Ping,万年欢慢|万年歌,唐教坊曲名。《宋史·乐志》：“中吕宫”。《高丽史·乐志》名《万年欢慢》，《元史·乐志》：“舞队曲”。此调有三体，平韵者始自王安礼，仄韵者始自晁补之，平仄韵互叶者始自元赵孟頫。,76
568,燕春台,Ping,夏初临|宴春台,此调始自张先，盖春宴词也。因黄裳有夏宴词，刘泾改名《夏初临》，旧谱或以《燕春台》与《夏初临》两列者误。,60
569,逍遥乐,Ze,,调见黄庭坚《琴趣外篇》，即赋本意。,5
570,八节长欢,Ping,,调见《东堂词》。,13
571,忆东坡,Ze,,调见《相山居士词》，盖忆东坡作也，即以题为调名。,2
572,粉蝶儿慢,Ze,,调见《片玉词》。,4
573,并蒂芙蓉,Ze,,《能改斋漫录》：“政和癸巳，大晟乐成，蔡京以晁端礼荐，诏乘驿赴阙。端礼至都，会禁中嘉莲生，遂属词以进，名《并蒂芙蓉》。”,6
574,黄河清慢,Ze,黄河清,《铁围山丛谈》云：“宣和初，燕乐初成，八音告备，有曲名《黄河清》，音调极韶美，天下无问遐迩大小，皆争唱之。”,9
575,春草碧,Ze,,"调见《大声集》，自注“中管高宫”。按《唐书·礼乐志》有中管之名，而不详其义。至宋仁宋《乐髓新经》始云：“大吕宫为高宫，太簇宫为中管高宫，盖以太簇宫与大吕宫同字谱，故谓之中管也，俗谱以中管高为调名者误。”
　　姜夔集有太簇宫《喜迁莺》词，自注“俗呼中管高宫”。",3
576,芰荷香,Ping,,调见《大声集》。金词注“双调”。,12
577,绣停针,Ze,绣定针,调见《放翁词》。,9
578,扬州慢,Ping,,宋姜夔自度中吕宫曲。,129
579,舞杨花,Ping,,"宋张端义《贵耳集》云：“慈宁殿赏牡丹，时椒房受册，三殿极欢，上洞达音律，自制曲，赐名《舞杨花》。停觞命小臣赋词，俾贵人歌以侑玉卮为寿，左右皆呼万岁。”
　　按此词载康与之《乐府》，或与之应制拟作也。",1
580,双双燕,Ze,,调见《梅溪集》，词咏双燕，即以为名。,75
581,孤鸾,Ze,,调见朱敦儒《太平樵唱》。,34
582,云仙引,Ping,,冯伟寿自度曲，原注“夹钟商”。,10
583,玲珑玉,Ping,,调见凤林书院元词，姚云文自度曲。,28
584,陌上花,Ze,,《东坡词话》：“钱塘人好唱《陌上花》、《缓缓曲》，盖吴越王遗事也。”调名取此。,56
585,福寿千春,Ze,,调见《花草粹编》。,1
586,夏日燕黉堂,Ping,,调见《乐府雅词》。,3
587,水晶帘,Ze,,调见《翰墨全书》。,7
588,三部乐,Ze,,调见《东坡词》。按《唐书·礼乐志》：“明皇分乐为二部，堂下立奏，谓之立部伎；堂上坐奏，谓之坐部伎。又酷爱法曲，选坐部伎子弟三百，教于梨园，为法曲部。”三部之名，疑出于此。,29
589,梦扬州,Ping,,宋秦观自制曲，取词中结句为名。,16
590,声声慢,Ping,胜胜慢|神光灿|人在楼上,蒋氏《九宫谱》注“仙吕调”。晁补之词名《胜胜慢》。吴文英词有“人在小楼”句，名《人在楼上》。此调有平韵、仄韵两体，平韵者以晁补之、吴文英、王沂孙词为正体，仄韵者以高观国词为正体。,342
591,紫玉箫,Ping,,《宋史·乐志》：“歇指调”。,9
592,无闷,Ze,,调见《书舟词》，汲古阁本刻《闺怨无闷》者误。,16
593,月下笛,Ze,,调始周邦彦《片玉词》，因词有“凉蟾莹彻”及“静倚官桥吹笛”句，取以为名。,98
594,玲珑四犯,Ze,,此调创自周邦彦《清真集》，方千里、杨泽民、陈允平俱有和词。姜夔又有自度黄钟商曲，与周词句读迥别，因调名同，故亦类列。,147
595,丁香结,Ze,,调见《清真集》。古诗有“丁香结恨新”，调名本此。,34
596,琐窗寒,Ze,锁寒窗|琐窗寒|璅窗寒|锁窗寒,一名《锁寒窗》，调见《片玉集》，盖寒食词也。因词有“静锁一庭愁雨”及“故人剪烛西窗雨”句，取以为名。,235
597,大有,Ze,,调见《片玉集》。,11
598,燕山亭,Ze,宴山亭,“燕”或作“宴”，然与《山亭宴》无涉。,54
599,聒龙谣,Ze,,调见朱敦儒《樵歌词》，因词有“聒龙啸”句，取以为名。,15
600,金菊对芙蓉,Ping,提壶鸟,蒋氏《九宫谱》：中吕引子。,89
601,催雪,Ze,无闷,此调始自姜夔，本催雪词也，即以为名。吴文英、王沂孙俱有此调词。与《无闷》调不同，《词律》类列者误。,50
602,十月桃,Ping,十月梅,调见《乐府雅词》，赋十月桃，即以为名。《梅苑》无名氏词，咏十月梅，即名《十月梅》。,9
603,蜀溪春,Ping,,调见《松隐集》，咏黄蔷薇花。因词有“蜀景风迟，浣花溪边”，“占上苑，留住春”句，取以为名。,2
604,秋宵吟,Ze,,宋姜夔自度越调曲。,25
605,三姝媚,Ze,,调见《梅溪集》。,166
606,凤池吟,Ping,,调见《梦窗词》。,5
607,新雁过妆楼,Ping,雁过妆楼|瑶台聚八仙|八宝妆|百宝妆|八宝装|百宝装,一名《雁过妆楼》，张炎词名《瑶台聚八仙》，陈允平词名《八宝妆》，《高丽史·乐志》名《百宝妆》。,81
608,月华清,Ze,,调见《空同词》。,100
609,国香,Ping,国香慢,周密词名《国香慢》，自注“夷则商”。,53
610,飞龙宴,Ze,,调见《花草粹编》，注“吴七君王姬苏小娘制。”,2
611,御带花,Ze,,调见《六一居士词》。,7
612,定风波慢,Ze,,此调有两体。一百字者，柳永词注“林钟商”，张翥词注“商角调”，有《梅苑》词可校。一百五字者，柳永词注“夹钟商”，无宋词可校。,19
613,芳草,Ping,凤箫吟,晁补之词名《凤箫吟》。,30
614,念奴娇,Ze,大江东去|酹江月|赤壁词|酹月|壶中天|壶中天慢|大江西上曲|太平欢|寿南枝|古梅曲|湘月|淮甸春|白雪词|百字令|百字歌|百字谣|无俗念|千秋岁|庆长春|杏花天,"《碧鸡漫志》云大石调，又转入道调宫，又转入高宫大石调。姜夔词注“双调”。元高拭词注“大石调，又大吕调”。苏轼“赤壁怀古”词有“大江东去，一樽还酹江月”句，因名《大江东去》，又名《酹江月》，又名《赤壁词》，又名《酹月》。曾觌词名《壶中天慢》。戴复古词有“大江西上”句，名《大江西上曲》。姚述尧词有“太平无事，欢娱时节”句，名《太平欢》。韩淲词有“年年眉寿，坐对南枝”句，名《寿南枝》，又名《古梅曲》。姜夔词名《湘月》，自注“即《念奴娇》，鬲指声。”张辑词有“柳花淮甸春冷”句，名《淮甸春》。米友仁词名《白雪词》。张翥词名《百字令》，又名《百字谣》。丘长春词名《无俗念》。游文仲词名《千秋岁》。《翰墨全书》词名《庆长春》，又名《杏花天》。
　　此调有平韵、仄韵二体，凡句读参差、大同小异者，谱内各以类列。",3058
615,解语花,Ze,,王行词注“林钟羽”。,118
616,绕佛阁,Ze,,调见《清真乐府》。,54
617,渡江云,PingAndZe,三犯渡江云,周密词名《三犯渡江云》。此调后段第四句例用仄韵，亦是三声叶，乃一定之格。宋元人俱如此填，惟陈允平有全押平韵、全押仄韵二体。,192
618,腊梅香,Ze,,此调有平韵、仄韵二体。仄韵者有吴、喻两词。平韵者止《梅苑》无名氏一词。,4
619,大椿,Ze,,调见《松隐集》，盖应制寿词也，取《庄子》“大椿”句为名。,1
620,八音谐,Ze,,调见曹勋《松隐集》，自注“以八曲声合成，故名。”,3
621,绛都春,Ze,,蒋氏《九宫谱》注“黄钟宫”。此调有平韵、仄韵两体，宋词多填仄韵，其用平韵者，惟陈允平一词。,118
622,琵琶仙,Ze,,姜夔自度黄钟商曲。,139
623,换巢鸾凤,PingAndZe,,调见《梅溪词》，史达祖自制曲，因词中有“换巢鸾凤教偕老”句，取以为名。或云前段用平韵，后段叶仄韵，“换巢”之义，疑出于此。,49
624,东风第一枝,Ze,,蒋氏《九宫谱》注“大石调”。,173
625,高阳台,Ping,庆春泽慢|庆春泽|庆春宫,高拭词注“商调”。刘镇词名《庆春泽慢》，王沂孙词名《庆春宫》。,921
626,春夏两相期,Ze,,调见《竹山词》。,10
627,垂杨,Ze,,调见陈允平《日湖渔唱》，本咏垂杨，即以为名。,25
628,采绿吟,PingAndZe,,宋周密自度曲，取词中起句二字为调名。,18
629,长寿仙,PingAndZe,,调见《松雪集》。,2
630,雪夜渔舟,Ze,,调见《虚靖真人词》，因词中有“自棹孤舟，顺流观雪”句，取以为名。,3
631,惜寒梅,Ze,,调见《复雅歌词》，因词有“喜寒梅、却与雪期霜约”句，取以为名。,2
632,惜花春起早慢,Ze,,调见《高丽史·乐志》，即赋题本意。,3
633,凤归云,Ping,,唐教坊曲名。柳永《乐章集》平韵一百一字者注“仙吕调”。仄韵一百十八字者注“林钟商调”。,15
634,木兰花慢,Ping,,宋柳永《乐章集》注“高平调”。,795
635,彩云归,Ping,,《宋史·乐志》：“仙吕调”。《乐章集》注“中吕调”。,12
636,满朝欢,Ze,,《乐章集》注“大石调”。,5
637,桂枝香,Ze,疏帘淡月|疏帘澹月,调见《乐府雅词》。张辑词有“疏帘淡月”句，又名《疏帘淡月》。,223
638,锦堂春慢,Ping,锦堂春,调见《青箱杂记》，《梅苑》词名《锦堂春》。,20
639,喜朝天,Ping,,调见张先词集，送蔡襄还朝作。按唐教坊有《朝天曲》，《宋史·乐志》有越调《朝天乐》曲，此盖借旧曲名自翻新声也。,4
640,剪牡丹,Ze,,《宋史·乐志》：女弟子舞队，第四曰佳人剪牡丹队。调名本此。,4
641,马家春慢,Ze,,调见《东山乐府》。,1
642,梅香慢,Ze,,调见《东山乐府》。,4
643,玉烛新,Ze,,调始《清真乐府》。《尔雅》云：“四时和，谓之玉烛。”取以为名。,62
644,六花飞,Ze,,调见《松隐集》。,2
645,清风满桂楼,Ze,,调见《松隐集》。,2
646,映山红慢,Ze,,调见元载词，咏牡丹作。,5
647,真珠帘,Ze,珍珠帘,调见《放翁词》。,98
648,曲江秋,Ze,,韩玉词注“正宫”。,10
649,翠楼吟,Ze,,姜夔自度夹钟商曲。,115
650,霓裳中序第一,Ze,,唐白居易《霓裳羽衣舞歌》云：“散序六奏未动衣，阳台宿云慵不飞。中序擘騞初入拍，秋竹吹裂春冰坼。”自注云：“散序六遍无拍，故不舞。中序始有拍，亦名拍序。”宋沈括《笔谈》云：“《霓裳曲》凡十二叠，前六叠无拍，至第七叠方谓之叠遍，自此始有拍而舞。”按此知《霓裳曲》十二叠，至七叠中序始舞，故以第七叠为中序第一，盖舞曲之第一遍也。,101
651,月当厅,Ping,,调见《梅溪词》，史达祖自度曲也。,8
652,寿楼春,Ping,,调见《梅溪集》，盖自度曲也。,86
653,秋色横空,Ping,,调见《天籁集》。,8
654,舜韶新,Ze,,宋王应麟《玉海》：“政和中，曹棐制徵调《舜韶新》。”,2
655,西平乐,Ze,西平乐慢,此调有仄韵、平韵两体。仄韵者始自柳永，《乐章集》注“小石调”。平韵者始自周邦彦，一名《西平乐慢》。,31
656,山亭宴,Ze,,调见张先词集，有美堂赠彦猷主人作，盖自度曲也。,16
657,望春回,Ze,,调见《乐府雅词》。,4
658,水龙吟,Ze,丰年瑞|鼓笛慢|龙吟曲|小楼连苑|庄椿岁,姜夔词注“无射商”，俗名越调。曾觌词结句有“是丰年瑞”句，名《丰年瑞》。吕渭老词名《鼓笛慢》。史达祖词名《龙吟曲》。杨樵云词因秦观词起句，更名《小楼连苑》。方味道词结句有“伴庄椿岁”句，名《庄椿岁》。,1333
659,斗百草,Ze,,调见《琴趣外篇》。,13
660,石州慢,Ze,柳色黄|石州引,《宋史·乐志》：“越调”。贺铸词有“长亭柳色才黄”句，名《柳色黄》。谢懋词名《石州引》。,124
661,上林春慢,Ze,,《宋史·乐志》：“中吕宫”。,7
662,宴清都,Ze,四代好,调始《清真乐府》，程垓词名《四代好》。,83
663,庆春宫,Ping,庆宫春,一名《庆宫春》。此调有平韵、仄韵两体。平韵体始自北宋，有周邦彦诸词。仄韵体始自南宋，有王沂孙诸词。,101
664,忆旧游,Ping,忆旧游慢,调始《清真乐府》，一名《忆旧游慢》。,313
665,花犯,Ze,绣鸾凤花犯,调始《清真乐府》，周密词名《绣鸾凤花犯》。,92
666,倒犯,Ze,吉了犯,调始《清真乐府》，一名《吉了犯》。,24
667,瑞鹤仙,Ze,一捻红,元高拭词注“正宫”。《夷坚志》云：“乾道中，吴兴周权知衢州西安县。一日，令术士沈延年邀紫姑神，赋《鹤鹤仙》牡丹词，有‘睹娇红一捻’句，因名《一捻红》。”,330
668,齐天乐,Ze,台城路|五福降中天|如此江山,周密《天基节乐次》：“乐奏夹钟宫，第一盏，觱篥起《圣寿齐天乐慢》。”姜夔词注“黄钟宫“，俗名正宫。周邦彦词有“绿芜彫尽台城路”句，名《台城路》。沈端节词名《五福降中天》。张辑词有“如此江山”句，名《如此江山》。,1430
669,昼锦堂,Ping,,此调有平韵、仄韵两体。平韵者见周邦彦《片玉集》，仄韵者见陈允平《日湖渔唱》。,43
670,氐州第一,Ze,熙州摘遍,调始《清真乐府》，一名《熙州摘遍》。,47
671,花发状元红慢,Ze,,宋叶梦得《避暑录话》：“刘几在神宗时，与范蜀公重定大乐，洛阳花品曰‘状元红’，为一时之冠。乐工花日新能为新声，汴妓郜懿以色著，秘监致仕刘伯焘精音律。熙宁中，几携花日新就郜懿家赏花欢咏，乃撰此曲，填词以赠之。”,3
672,恋芳春慢,Ping,,调见万俟咏《大声集》。崇宁中，咏充大晟府制撰，依月用律制词，多应制之作。此词自注“寒食前进，故以《恋芳春》为名也。”,3
673,瑶华,Ze,瑶华慢|瑶花慢|瑶花,调见《梦窗词》，一名《瑶华慢》。,110
674,湘春夜月,Ping,,黄孝迈自度曲。,67
675,曲游春,Ze,,调见《蘋洲渔笛谱》。,59
676,竹马儿,Ze,竹马子,一名《竹马子》。《乐章集》注“仙吕调”。,9
677,长相思慢,Ping,,《乐章集》注“商调”。,16
678,雨霖铃,Ze,雨霖铃慢|雨淋铃,一名《雨霖铃慢》，唐教坊曲名。《明皇杂录》：“帝幸蜀，初入斜谷，霖雨弥日，栈道中闻铃声，采其声为《雨霖铃》曲。”宋词盖借旧曲名，另倚新声也。调见柳永《乐章集》，属双调。,65
679,还京乐,Ze,,唐教坊曲名。《唐书》：“明皇自潞州还京师，制《还京乐》曲。”宋词盖借旧曲名，另翻新声也。,33
680,双头莲,Ze,,此调一百三字者见周邦彦《片玉集》。一百字者见陆游《放翁集》。,15
681,忆瑶姬,Ze,别素质|别瑶姬慢,此调有仄韵、平韵两体。仄韵者始自曹组，一名《别素质》。平韵者始自万俟咏，一名《别瑶姬慢》。,18
682,安平乐慢,Ping,,调见万俟咏《大声集》。,12
683,望南云慢,Ping,,调见《乐府雅词》。,4
684,情久长,Ze,,调见《圣求词》。,7
685,西江月慢,Ze,,调见《圣求词》。,13
686,杏花天慢,Ze,,调见《松隐集》。,1
687,探春慢,Ze,探春,或作《探春》，无“慢”字。,140
688,眉妩,Ze,百宜娇,姜夔词注：“一名《百宜娇》。”,58
689,湘江静,Ze,潇湘静,调见《乐府雅词》，一名《潇湘静》。,25
690,金盏子,Ze,,此调有平韵、仄韵两体。仄韵者见《梅溪词》及《梦窗词》，平韵者见《高丽史·乐志》。,22
691,龙山会,Ze,,《虚斋乐府》注“商调”。,32
692,春云怨,Ze,,调见冯艾子《云月词》，自注“黄钟商”。,18
693,升平乐,Ping,,《宋史·乐志》：“教坊都知李德升，作《万岁升平乐》曲。”周密《天基节乐次》：“乐奏夹钟宫，第三盏，笙起《升平乐慢》。”,1
694,迎新春,Ze,,《宋史·乐志》：“双角调”。《乐章集》注“大石调”。,2
695,归朝欢,Ze,归朝歌,《乐章集》注“夹钟商”。辛弃疾词有“菖蒲自照清溪绿”句，名《菖蒲绿》。,55
696,双声子,Ping,,《乐章集》注“林钟商”。,5
697,永遇乐,Ze,消息,周密《天基节乐次》：“乐奏夹钟宫，第五盏，觱篥起《永遇乐慢》。”此调有平韵、仄韵两体。仄韵者始自北宋，《乐章集》注“林钟商”。晁补之词名《消息》，自注“越调”。平韵者始自南宋，陈允平创为之。,279
698,二郎神,Ze,转调二郎神|二郎神慢|十二郎,唐教坊曲名。《乐章集》注“双调”。徐伸词名《转调二郎神》。吴文英词名《十二郎》。,107
699,倾杯乐,Ze,古倾杯|倾杯,唐教坊曲名。《乐府杂录》云：“《倾杯乐》，宣宗喜吹芦管，自制此曲。”见《宋史·乐志》者二十七宫调，柳永《乐章集》注“宫调七”。一名《古倾杯》，亦名《倾杯》。,50
700,百宜娇,Ze,,调见《圣求词》，与《眉妩》词别名《百宜娇》者不同。,11
701,月中桂,Ze,月中仙,调见赵彦端词集。赵孟頫词平仄韵互押者，名《月中仙》。,19
702,澡兰香,Ze,,调见吴文英《梦窗甲稿》，因词有“午镜澡兰帘幕”句，取以为名。,19
703,宴琼林,Ze,,唐教坊曲名。《宋史·乐志》：“双调”。,5
704,潇湘逢故人慢,Ping,,调见《花庵词选》。,23
705,惜馀欢,Ze,惜余欢,黄庭坚自度腔，因词有“少延欢洽”句，取以为名。,1
706,拜星月慢,Ze,拜星月,一作《拜新月》。唐教坊曲名。《宋史·乐志》：“般涉调”。,57
707,绮寮怨,Ping,,调见《片玉词》。,51
708,花心动,Ze,好心动|桂飘香|上升花|花心动慢,金词注“小石调”。元词注“双调”。曹勋词名《好心动》，曹冠词名《桂飘香》，《鸣鹤馀音》词名《上升花》，《高丽史·乐志》名《花心动慢》。,94
709,向湖边,Ze,,江纬自制曲，因词有“向湖边柳外”之句，取以为名。,8
710,阳春,Ze,阳春曲,一名《阳春曲》。,11
711,送入我门来,Ping,,调见《草堂诗馀》。宋胡浩然除夕词有“东风尽力，一齐吹送，入此门来”之句，取以为名。,26
712,绕池游慢,Ping,,调见《涧泉词》，韩淲西湖看荷作。,2
713,索酒,Ze,,调见《松隐集》，自注“四时景物须酒之意。”,2
714,瑞云浓慢,Ze,,按杨无咎《逃禅集》有七十五字《瑞云浓》，与此不同。,2
715,霜花腴,Ping,,吴文英自度腔，因词有“霜饱花腴”句，取以为名。,65
716,绮罗香,Ze,,调始《梅溪词》。,243
717,玉连环,Ze,,调见《云月词》。与《一落索》别名《玉连环》不同。,1
718,春从天上来,Ping,春从天外来,调见《中州乐府》，吴激词。,73
719,西湖月,Ze,,调见凤林书院元词，黄子行自度商调曲。,22
720,爱月夜眠迟慢,Ping,爱月夜眠迟,调见《高丽史·乐志》。宋词也，即赋本意。,4
721,合欢带,Ping,,《乐章集》注“林钟商”。,14
722,曲玉管,PingAndZe,,唐教坊曲名。《乐章集》注“大石调”。,20
723,早梅芳慢,Ze,,调见柳永词，与《早梅芳近》不同。,1
724,尉迟杯,Ze,,此调有平韵、仄韵两体。仄韵者见柳永《乐章集》，注“夹钟商”。平韵者见晁补之《琴趣外篇》。,68
725,花发沁园春,Ze,,此调有平韵、仄韵两体，俱见花庵《绝妙词选》，与《沁园春》不同。,25
726,赏南枝,Ping,,调见《梅苑》词，曾巩自度曲。,1
727,南浦,Ze,,"按唐《教坊记》有《南浦子》曲，宋词盖借旧曲名，另倚新声也。
　　此调有仄韵、平韵两体，宋人多填仄韵词，其平韵惟鲁词一体。",208
728,西河,Ze,西湖,《碧鸡漫志》：“大石调《西河慢》，声犯正平。”张炎词名《西湖》。,78
729,梦横塘,Ze,,调见《苕溪词》。,42
730,西吴曲,Ze,,调见《龙洲集》。,1
731,秋霁,Ze,春霁|春霁|簩霁,一名《春霁》。按此调始自胡浩然，赋春晴词即名《春霁》。赋秋晴词即名《秋霁》。,72
732,清风八咏楼,Ze,,沈隐侯守东阳，建八咏楼，其地又有双溪之胜，故曰“明月双溪水，清风八咏楼”，调名取此。王行词注“林钟商曲”。《清风八咏楼》者，南宋词林所制也。,2
733,暗香疏影,Ze,,张肯自度曲，以《暗香》调前段、《疏影》调后段合而为一。自注“夹钟宫”。,13
734,真珠髻,Ze,,调见《梅苑》词。,2
735,征部乐,Ze,,柳永《乐章集》注“夹钟商”。,6
736,解连环,Ze,望梅|杏梁燕,此调始自柳永，以词有“信早梅、偏占阳和”及“时有香来，望明艳、遥知非雪”句，名《望梅》。后因周邦彦词有“妙手能解连环”句，更名《解连环》。张辑词有“把千种旧愁，付与杏梁雨燕”句，又名《杏梁燕》。,210
737,内家娇,Ze,,《乐章集》注“林钟商”。,14
738,夜飞鹊慢,Ping,夜飞鹊,调见《片玉词》，一名《夜飞鹊》。,48
739,泛清波摘遍,Ze,,按《宋史·乐志》有林钟商《泛清波》大曲。沈括《笔谈》：“凡曲每解有数叠者，裁截用之，谓之摘遍。”此盖摘《泛清波》曲之一遍也。,27
740,望明河,Ze,,调见《苕溪集》。,3
741,楚宫春慢,Ze,,调见《宝月词》。,10
742,望海潮,Ping,,柳永《乐章集》注“仙吕调”。,179
743,望湘人,Ze,,调见《东山乐府》。,59
744,青门饮,Ze,青门引,调见《淮海词》。黄裳词亦名《青门引》，然与《青门引》令词不同。,15
745,落梅,Ze,落梅慢,《梅苑》无名氏词名《落梅慢》。,2
746,飞雪满群山,Ping,扁舟寻旧约|飞雪满堆山,调见《友古词》。因词有“长记得、扁舟寻旧约”句，更名《扁舟寻旧约》。张矩词名《飞雪满堆山》。,28
747,角招,Ze,,调见赵以夫《虚斋集》，自注：“姜夔制《角招》、《徵招》二曲，余以《角招》赋梅。古乐府有大、小《梅花》，皆角声也。”,37
748,一寸金,Ze,,调见柳永词。,30
749,击梧桐,Ze,,此调有两体。一百八字者见《乐章集》，注“中吕调”。一百十字者见《乐府雅词》。,19
750,折红梅,Ze,,调见《寿域词》。,12
751,泛青苕,Ping,感皇恩慢,调见张先词，吴兴泛舟作，即赋题本意也。一名《感皇恩慢》。,2
752,薄倖,Ze,薄幸,调见《东山乐府》。,54
753,倚阑人,Ze,,调见《松隐集》，曹勋自度曲。,2
754,惜黄花慢,Ze,,此调有仄韵、平韵两体。仄韵者见《逃禅词》，平韵者见《梦窗词》，与《惜黄花》令词不同。,28
755,一萼红,Ping,,此调有平韵、仄韵两体。平韵者见姜夔词，仄韵者见《乐府雅词》。因词有“未教一萼，红开鲜蕊”句，取以为名。,271
756,夺锦标,Ze,清溪怨|锦标归,调见《古山词》。白朴词名《清溪怨》。,14
757,菩萨蛮慢,Ze,菩萨蛮引,调见凤林书院元词。一名《菩萨蛮引》，与《菩萨蛮》令词不同。,6
758,杜韦娘,Ze,,唐《教坊记》有《杜韦娘》曲。刘禹锡诗“春风一曲杜韦娘”是也。宋人借旧曲名，另翻慢词。,3
759,无愁可解,Ze,,调见《东坡词》。自序云：“花日新作越调《解愁》，洛阳刘几伯寿闻而悦之，为作俚语诗，天下传咏，以为几欲达者。龙丘子笑之，此虽免乎愁，犹有所解也者，夫游于自然，而托于不得已，人乐亦乐，人愁亦愁，彼且乌乎解哉？乃反其词，作《无愁可解》。”,7
760,过秦楼,Ping,,调见《乐府雅词》，李甲作。因词有“曾过秦楼”句，取以为名。,9
761,江城子慢,Ze,江神子慢,调见吕渭老集。蔡松年词名《江神子慢》。与《江城子》令词不同。,12
762,江南春慢,Ze,,吴文英自度曲，注“小石调”。,3
763,罥马索,Ze,,调见《梅苑》。,9
764,八宝妆,Ze,八宝玉交枝|八犯玉交枝,仇远词名《八宝玉交枝》，与《新雁过妆楼》别名《八宝妆》者不同。,31
765,疏影,Ze,绿意|解佩环,姜夔自度仙吕宫曲。张炎词咏荷叶，易名《绿意》。彭元逊词有“遗佩环浮沈澧浦”句，名《解佩环》。,421
766,大圣乐,PingAndZe,,《宋史·乐志》：“道调宫”。此调有平韵、仄韵两体。平韵者见《顺斋乐府》，仄韵者见《蘋洲渔笛谱》。,28
767,高山流水,Ping,,调见《梦窗词》。吴文英自度曲，赠丁基仲妾作也。妾善琴，故以《高山流水》为调名。,31
768,慢卷绸,Ze,慢卷紬|慢卷䌷|慢卷绸|幔卷綢,柳永《乐章集》注“夹钟商”。,7
769,选冠子,Ze,选官子|转调选冠子|惜余春慢|惜馀春慢|苏武慢|仄韵过秦楼|过秦楼,一名《选官子》。曹勋词名《转调选冠子》。鲁逸仲词名《惜馀春慢》。侯寘词名《苏武慢》，一名《仄韵过秦楼》。,264
770,霜叶飞,Ze,斗婵娟,调见《片玉集》，因词有“素娥青女斗婵娟”句，更名《斗婵娟》。,131
771,五䌽结同心,Ping,五彩结同心|五采结同心,此调有平韵、仄韵两体。平韵者见赵彦端《介庵词》。仄韵者见《乐府雅词》。,27
772,透碧霄,Ping,,柳永《乐章集》注“南吕宫”。,9
815,玉山枕,Ze,,柳永《乐章集》注“仙吕调”。,9
773,期夜月,Ze,,《花草粹编》原注：“乐部中，惟杖鼓鲜有能工之者，京师官妓杨素娥最工，刘浚酷爱之，作《期夜月》词，素娥以此名动京师。”,1
774,轮台子,Ze,,柳永《乐章集》注“中吕调”。,9
775,沁园春,Ping,东仙|寿星明|洞庭春色,金词注“般涉调”。蒋氏《十三调》注“中吕调”。张辑词结句有“号我东仙”句，名《东仙》。李刘词名《寿星明》。秦观减字词名《洞庭春色》。,1750
776,丹凤吟,Ze,丹凤吟,调见《清真乐府》。,29
777,紫萸香慢,Ping,,调见凤林书院元词。姚云文自度腔。因词有“紫萸一枝传赐”句，取以为名。,22
778,瑶台月,Ze,瑶池月,调见《梅苑》。《鸣鹤馀香》无名氏词名《瑶池月》。,13
779,宣清,Ze,,柳永《乐章集》注“林钟宫”。,12
780,八归,Ze,,此调有仄韵、平韵两体。仄调者见《白石词》，姜夔自度夹钟商曲。平韵者见《竹屋痴语》，高观国自度曲。,57
781,摸鱼儿,Ze,摸鱼子|买陂塘|陂塘柳|迈陂塘|山鬼谣|双蕖怨,一名《摸鱼子》，唐教坊曲名。晁补之词有“买陂塘、旋栽杨柳”句，更名《买陂塘》，又名《陂塘柳》，或名《迈陂塘》。辛弃疾赋怪石词名《山鬼谣》。李冶赋并蒂荷词有“请君试听双蕖怨”句，名《双蕖怨》。,1397
782,贺新郎,Ze,金缕歌|金缕衣|金缕曲|金缕词|乳燕飞|贺新凉|风敲竹|貂裘换酒,叶梦得词有“唱金缕”句，名《金缕歌》，又名《金缕曲》，又名《金缕词》。苏轼词有“乳燕飞华屋”句，名《乳燕飞》，有“晚凉新浴”句，名《贺新凉》，有“风敲竹”句，名《风敲竹》。张辑词有“把貂裘、换酒长安市”句，名《貂裘换酒》。,3073
783,子夜歌,Ze,,调见凤林书院元词，与《菩萨蛮令》词别名《子夜歌》者不同。,10
784,吊严陵,Ze,暮云碧,调见《乐府雅词》，李甲作。因词有“严光钓址空遗迹”及“离觞吊古寓目”句，取以为名。又结句有“回首暮云千古碧”句，名《暮云碧》。,3
785,金明池,Ze,昆明池|夏云峰,调见《淮海词》，赋东京金明池，即以调为题也。李弥逊词名《昆明池》，僧挥词名《夏云峰》。,60
786,送征衣,Ping,,柳永《乐章集》注“中吕宫”。,2
787,笛家,Ze,笛家弄慢|笛家弄,一名《笛家弄慢》，柳永《乐章集》注“仙吕宫”。,20
788,秋思耗,Ze,画屏秋色,调见《梦窗词》，吴文英自度腔。因词有“偏称画屏秋色”句，更名《画屏秋色》。,28
789,春风袅娜,Ping,东风袅娜,调见《云月词》，冯艾子自度腔，注“黄钟羽”，即般涉调。,35
790,春雪间早梅,Ping,春雪閒早梅,调见《梅苑》词，檃括韩愈《春雪间早梅》长律诗，即以题为调名。,1
791,白苧,Ze,白苎,按《古乐府》有《白苧》曲，宋人盖借旧曲名别倚新声也。王灼《颐堂集》云：“《白苧》词，传者至少，其正宫一阕，世以为紫姑神作。”今从《花草粹编》，为柳永词。,17
792,翠羽吟,Ping,,调见蒋捷《竹山词》。自序云：“王君本示予越调《小梅花引》，俾以飞仙步虚之意为其辞。余谓泛泛言仙，似乎寡味，越调之曲与梅花宜，罗浮梅花真仙事也，演以成章，名《翠羽吟》。”,3
793,六州,Ping,崇明祀,《文献通考》：“本朝歌吹，止有四曲：《十二时》、《导引》、《降仙台》，并《六州》为四。每大礼宿斋或行幸，遇夜每更三奏，名为‘警场’。政和七年，诏《六州》改名《崇明祀》，然天下仍谓之《六州》，其称谓已熟也。”,26
794,十二时慢,Ze,十二時,"宋鼓吹四曲之一。《花草粹编》无“慢”字。
　　此词有仄韵、平韵两体。",59
795,兰陵王,Ze,大犯,唐教坊曲名。《碧鸡漫志》：“《北齐史》及《隋唐嘉话》称，齐文襄之长子长恭封兰陵王，与周师战，尝著假面对敌。击周师金墉城下，勇冠三军，武士共歌谣之，曰《兰陵王入阵曲》。今越调《兰陵王》，凡三段二十四拍，或曰遗声也。此曲声犯正宫，管色用大凡字，大一字、勾字，故一名《大犯》。”,176
816,大酺,Ze,,调见《清真乐府》。按唐教坊曲有《大酺乐》，《羯鼓录》亦有太簇商《大酺乐》。宋词盖借旧曲名，自制新声也。,80
796,破阵乐,Ze,,唐教坊曲名。《宋史·乐志》：“正宫”。柳永《乐章集》注“林钟商”。,5
797,瑞龙吟,Ze,,黄升云：“此调前两段双拽头，属正平调，后一段犯大石调，‘归骑晚’以下仍属正平调也。”,83
798,浪淘沙慢,Ze,,柳永《乐章集》注“歇指调”。,52
799,歌头,Ze,,《尊前集》注“大石调”。,5
800,多丽,Ping,鸭头绿|绿头鸭|陇头泉,"一名《鸭头绿》，周格非词名《陇头泉》。
　　此调有平韵、仄韵两体。",147
801,玉女摇仙佩,Ze,,柳永《乐章集》注“正宫”。,37
802,六丑,Ze,,调见《清真乐府》。,69
803,玉抱肚,Ze,,调见《逃禅词》。,7
804,六州歌头,PingAndZe,,程大昌《演繁露》：“《六州歌头》，本鼓吹曲也，近世好事者倚其声为吊古词，音调悲壮，又以古兴亡事实文之，闻其歌，使人慷慨，良不与艳词同科，诚可喜也。”,86
805,夜半乐,Ze,,唐教坊曲名。柳永《乐章集》注“中吕调”，盖借旧曲名另倚新声也。《碧鸡漫志》：“《唐史》，明皇自潞州还京师，夜半举兵诛韦后，制《夜半乐》、《还京乐》二曲。今黄钟宫有《三台夜半乐》，中吕调，有慢、有近拍、有序。”,12
806,宝鼎现,Ze,三段子|宝鼎儿,调见《顺庵乐府》。李弥逊词名《三段子》。陈合词名《宝鼎儿》。,40
807,个侬,Ze,,调见廖莹中词，即用起句为名。,2
808,解红慢,PingAndZe,,调见《鸣鹤馀音》。,6
809,穆护砂,PingAndZe,,唐人张祐有五言绝句一首，题曰《穆护砂》，调名本此。盖因旧曲名，另倚新声也。,8
810,三台（大曲）,Ze,,见唐《教坊记》。《唐音统签》云：“唐曲有《三台》：《急三台》、《宫中三台》、《上皇三台》、《怨陵三台》、《突厥三台》，《三台》为大曲。”冯鉴《续事始》曰：“汉蔡邕三日之间，周历三台，乐府以邕晓音律，为制此曲。”刘禹锡《嘉话录》曰：“邺中有曹公铜雀、金虎、冰井三台，北齐高洋毁之，更筑金凤、圣应、崇光三台，宫人拍手呼上台送酒，因名其曲为《三台》。”李氏《资暇录》曰：“三台，三十拍促曲名。昔邺中有三台，石季龙常为宴游之所，而造此曲以促饮。”《乐苑》云：“唐《三台》，羽调曲。”,8
811,哨遍,PingAndZe,,《苏轼集》注“般涉调”。或作《稍遍》。,50
812,戚氏,PingAndZe,梦游仙,柳永《乐章集》注“中吕调”。丘处机词名《梦游仙》。,34
813,胜州令,Ze,,调见《花草粹编》。,2
814,莺啼序,Ze,丰乐楼|莺啼叙,一名《丰乐楼》，见《梦窗乙稿》。,180
817,清平调辞,Ping,清平调|清平调引,《碧鸡漫志》云：“《清平调辞》，乃于清调、平调制词也。”《松窗杂记》云：“每遍将换，明皇自倚玉笛和之。”,22
818,调笑令,Ze,调笑转踏|调笑|调啸,,116
