id,name,path,aliases,name_comment,writing_count
1,喜迁莺,北曲/黃鍾宮,,,12
2,出队子,北曲/黃鍾宮,,,15
3,刮地风,北曲/黃鍾宮,,,16
4,四门子,北曲/黃鍾宮,,,18
5,古水仙子,北曲/黃鍾宮,,或无「古」字。,9
6,古寨儿令,北曲/黃鍾宮,,「寨」一作「赛」。或无「古」字。,3
7,古神仗儿,北曲/黃鍾宮,,亦作「煞」。或无「古」字。,3
8,节节高,北曲/黃鍾宮,,「节」一作「接」。,3
9,者剌古,北曲/黃鍾宮,,,2
10,愿成双,北曲/黃鍾宮,,,1
11,贺圣朝,北曲/黃鍾宮,,与中吕、商调出入。,1
12,红锦袍,北曲/黃鍾宮,紅衲襖,即〔红衲袄〕。,6
13,昼夜乐,北曲/黃鍾宮,,,2
14,人月圆,北曲/黃鍾宮,,,2
15,䌽楼春,北曲/黃鍾宮,拋球樂,即〔抛球乐〕。,1
16,侍香金童,北曲/黃鍾宮,,与商调出入。,1
17,降黄龙衮,北曲/黃鍾宮,,,1
18,双凤翘,北曲/黃鍾宮,女冠子,即〔女冠子〕，与大石调出入。,1
19,倾杯序,北曲/黃鍾宮,,,1
20,文如锦,北曲/黃鍾宮,,,1
21,九条龙,北曲/黃鍾宮,,,1
22,兴隆引,北曲/黃鍾宮,,「隆」一作「龙」,1
23,尾声,北曲/黃鍾宮,,,1
24,端正好,北曲/正宮,,与仙吕不同。,78
25,滚绣球,北曲/正宮,,亦作子母调,75
26,倘秀才,北曲/正宮,,亦作子母调。,159
27,灵寿杖,北曲/正宮,呆骨朵,即〔呆骨朵〕。,23
28,叨叨令,北曲/正宮,,,53
29,塞鸿秋,北曲/正宮,,与仙吕、中吕出入。,12
30,脱布衫,北曲/正宮,,与中吕出入。,34
31,小梁州,北曲/正宮,,与中吕出入。,32
32,醉太平,北曲/正宮,,与仙吕、中吕出入。,18
33,伴读书,北曲/正宮,村裡秀才,即〔村里秀才〕。与中吕出入。,19
34,笑和尚,北曲/正宮,笑歌賞,即〔笑歌赏〕。,27
35,白鹤子,北曲/正宮,,与中吕出入。,21
36,双鸳鸯,北曲/正宮,,与中吕出入。,4
37,货郎儿,北曲/正宮,,有九转，借用南吕宫。又与仙吕出入。,2
38,蛮姑儿,北曲/正宮,,与中吕出入。,3
39,穷河西,北曲/正宮,,与中吕出入。,5
40,芙蓉花,北曲/正宮,,,2
41,菩萨蛮,北曲/正宮,,与中吕出入。,1
42,黑漆弩,北曲/正宮,學士吟|鸚鵡曲,即〔学士吟〕。亦名〔鹦鹉曲〕。,4
43,月照庭,北曲/正宮,,,1
44,六么遍,北曲/正宮,梅梢月,即〔梅梢月〕。与仙吕出入。,2
45,甘草子,北曲/正宮,,,1
46,煞,北曲/正宮,,,1
47,啄木儿煞,北曲/正宮,,亦入中吕。,1
48,煞尾,北曲/正宮,,,1
49,六国朝,北曲/大石調,,,9
50,归塞北,北曲/大石調,望江南,即〔望江南〕。与仙吕出入。,23
51,卜金钱,北曲/大石調,初開口,即〔初开口〕。,1
52,怨别离,北曲/大石調,,,2
53,雁过南楼,北曲/大石調,,,3
54,催花乐,北曲/大石調,擂鼓體,即〔擂鼓体〕。,2
55,净瓶儿,北曲/大石調,,,3
56,念奴娇,北曲/大石調,,,1
57,喜秋风,北曲/大石調,,,5
58,好观音,北曲/大石調,煞,亦作〔煞〕。,4
59,青杏子,北曲/大石調,,「子」亦作「儿」。本小石调，与仙吕出入。,2
60,蒙童儿,北曲/大石調,憨郭郎,即〔憨郭郎〕。,5
61,还京乐,北曲/大石調,,,1
62,荼縻香,北曲/大石調,,,1
63,催拍子,北曲/大石調,,,1
64,阳关三叠,北曲/大石調,,,0
65,蓦山溪,北曲/大石調,,,1
66,初生月儿,北曲/大石調,,,1
67,百字令,北曲/大石調,念奴嬌,考调即〔念奴娇〕也。,1
68,玉蝉翼煞,北曲/大石調,,,1
69,随煞,北曲/大石調,,黄钟、仙吕、双调、越调通用。,5
70,青杏儿,北曲/小石調,青杏子,即大石调〔青杏子〕，并载么篇耳。,0
71,天上谣,北曲/小石調,,与大石调出入。,1
72,恼杀人,北曲/小石調,,与大石调出入。,1
73,伊州遍,北曲/小石調,,与大石调出入。,2
74,尾声,北曲/小石調,,,1
75,端正好,北曲/仙呂宮,,楔子多用之，与正宫不同。,22
76,赏花时,北曲/仙呂宮,,楔子有么，与商调出入。,81
77,八声甘州,北曲/仙呂宮,,,2
78,点绛唇,北曲/仙呂宮,,,168
79,混江龙,北曲/仙呂宮,,,155
80,油葫芦,北曲/仙呂宮,,,75
81,天下乐,北曲/仙呂宮,,,73
82,那吒令,北曲/仙呂宮,哪吒令,,80
83,鹊踏枝,北曲/仙呂宮,,,46
84,寄生草,北曲/仙呂宮,,与双调出入。,136
85,六么序,北曲/仙呂宮,,与中吕出入。,18
86,醉中天,北曲/仙呂宮,,与双调出入。,56
87,金盏儿,北曲/仙呂宮,醉金琖,即〔醉金盏〕。,106
88,醉扶归,北曲/仙呂宮,,,19
89,忆王孙,北曲/仙呂宮,,,5
90,一半儿,北曲/仙呂宮,,,62
91,瑞鹤仙,北曲/仙呂宮,,,1
92,忆帝京,北曲/仙呂宮,,,1
93,村里迓鼓,北曲/仙呂宮,,「鼓」或作「古」。与商调出入。,14
94,元和令,北曲/仙呂宮,,与商调出入。,34
95,游四门,北曲/仙呂宮,,与商调出入。,13
96,胜葫芦,北曲/仙呂宮,,与商调出入。,16
97,后庭花,北曲/仙呂宮,,亦作「煞」。与商调出入。,122
98,柳叶儿,北曲/仙呂宮,,与黄钟商调出入。,36
99,青哥儿,北曲/仙呂宮,,与商调出入。,42
100,翠裙腰,北曲/仙呂宮,,,1
101,六么令,北曲/仙呂宮,,,3
102,上京马,北曲/仙呂宮,,「上」一作「尚」。与商调不同。,1
103,祆神急,北曲/仙呂宮,祅神急,与双调不同。,1
104,大安乐,北曲/仙呂宮,,,1
105,绿窗怨,北曲/仙呂宮,,,1
106,穿窗月,北曲/仙呂宮,,,2
107,四季花,北曲/仙呂宮,,与商调出入。,1
108,雁儿落,北曲/仙呂宮,,与双调不同。,1
109,玉花秋,北曲/仙呂宮,,,2
110,三番玉楼人,北曲/仙呂宮,,亦入越调。,1
111,锦橙梅,北曲/仙呂宮,,,2
112,双雁子,北曲/仙呂宮,,「子」或作「儿」。,1
113,太常引,北曲/仙呂宮,,,4
114,柳外楼,北曲/仙呂宮,,,1
115,赚煞尾,北曲/仙呂宮,,,41
116,粉蝶儿,北曲/中呂宮,,,43
117,叫声,北曲/中呂宮,,,11
118,醉春风,北曲/中呂宮,,与双调不同。,1
119,迎仙客,北曲/中呂宮,,,32
120,红绣鞋,北曲/中呂宮,朱履曲,即〔朱履曲〕，与正宫出入。,40
121,普天乐,北曲/中呂宮,黃梅雨,即〔黄梅雨〕。,41
122,醉高歌,北曲/中呂宮,,,16
123,喜春来,北曲/中呂宮,陽春曲,即〔阳春曲〕，与正宫出入。,16
124,石榴花,北曲/中呂宮,,,27
125,斗鹌鹑,北曲/中呂宮,,与越调不同。,1
126,上小楼,北曲/中呂宮,,与正宫出入。,47
127,满庭芳,北曲/中呂宮,,与正宫、仙吕出入。,34
128,十二月,北曲/中呂宮,,与正宫出入。,45
129,尧民歌,北曲/中呂宮,,与正宫出入。,45
130,快活三,北曲/中呂宮,,与正宫出入。,49
131,鲍老儿,北曲/中呂宮,,与正宫出入。,14
132,古鲍老,北曲/中呂宮,,,2
133,红芍药,北曲/中呂宮,,与中吕不同。,1
134,剔银镫,北曲/中呂宮,,与正宫出入。,5
135,蔓菁菜,北曲/中呂宮,,与正宫出入。,5
136,柳青娘,北曲/中呂宮,,与正宫出入。,5
137,道和,北曲/中呂宮,,「和」一作「合」，与正宫出入。,2
138,朝天子,北曲/中呂宮,謁金門,即〔谒金门〕。与正宫出入。,83
139,四边静,北曲/中呂宮,,与正宫出入。,7
140,齐天乐,北曲/中呂宮,,,2
141,红衫儿,北曲/中呂宮,,,3
142,苏武持节,北曲/中呂宮,山坡羊,即〔山坡羊〕。与黄钟宫出入。,13
143,卖花声,北曲/中呂宮,昇平樂,即〔升平乐〕。亦作煞。,13
144,四换头,北曲/中呂宮,,与正宫出入,1
145,摊破喜春来,北曲/中呂宮,,,1
146,乔捉蛇,北曲/中呂宮,,,2
147,煞尾,北曲/中呂宮,,般涉调同。,1
148,一枝花,北曲/南呂宮,占春魁,即〔占春魁〕。,38
149,梁州第七,北曲/南呂宮,,,25
150,隔尾,北曲/南呂宮,,与中吕出入。,62
151,牧羊关,北曲/南呂宮,,,81
152,菩萨梁州,北曲/南呂宮,,,15
153,元鹤鸣,北曲/南呂宮,哭皇天,即〔哭皇天〕。,29
154,乌夜啼,北曲/南呂宮,,,16
155,骂玉郎,北曲/南呂宮,瑤華令,即〔瑶华令〕。,39
156,感皇恩,北曲/南呂宮,,,33
157,采茶歌,北曲/南呂宮,楚江秋,即〔楚江秋〕。,36
158,贺新郎,北曲/南呂宮,,,18
159,梧桐树,北曲/南呂宮,,与双调出入。,1
160,红芍药,北曲/南呂宮,,与中吕不同。,1
161,四块玉,北曲/南呂宮,,,33
162,草池春,北曲/南呂宮,鬭黑蟆|絮蝦蟆,即〔斗黑蟆〕，亦名〔絮虾蟆〕。,9
163,鹌鹑儿,北曲/南呂宮,,,1
164,阅金经,北曲/南呂宮,金字經,即〔金字经〕。与双调出入。,20
165,翠盘秋,北曲/南呂宮,乾荷葉,即〔乾荷叶〕。亦入中吕。,4
166,玉交枝,北曲/南呂宮,,「交」一作「娇」。与双调出入。,3
167,煞,北曲/南呂宮,,,1
168,黄钟尾,北曲/南呂宮,隨尾,即〔随尾〕。黄钟宫通用。,39
169,驻马听,北曲/雙調,,,38
170,新水令,北曲/雙調,,,80
171,乔牌儿,北曲/雙調,,,47
172,沉醉东风,北曲/雙調,,,18
173,步步娇,北曲/雙調,潘妃曲,即〔潘妃曲〕。,14
174,夜行船,北曲/雙調,,,5
175,银汉浮槎,北曲/雙調,喬木查,即〔乔木查〕。,6
176,庆宣和,北曲/雙調,,,10
177,五供养,北曲/雙調,,,2
178,月上海棠,北曲/雙調,,,2
179,庆东原,北曲/雙調,,「原」或作「园」。,14
180,拨不断,北曲/雙調,續斷弦,即〔续断弦〕。,12
181,搅筝琶,北曲/雙調,,,16
182,落梅风,北曲/雙調,壽陽曲,即〔寿阳曲〕。,44
183,风入松,北曲/雙調,,,110
184,万花方三叠,北曲/雙調,,,1
185,雁儿落,北曲/雙調,平沙落雁,即〔平沙落雁〕。与商调出入。,2
186,得胜令,北曲/雙調,陣陣贏|凱歌迴,即〔阵阵赢〕，亦名〔凯歌回〕。与商调出入。,95
187,水仙子,北曲/雙調,湘妃怨|淩波仙|馮夷曲,即〔湘妃怨〕亦名〔淩波仙〕，亦名〔冯夷曲〕。与南吕出入。,53
188,大德歌,北曲/雙調,,与商调出入。,11
189,镇江回,北曲/雙調,,与中吕出入。,2
190,殿前欢,北曲/雙調,小鳳孫兒|鳳將雛|小婦孩兒,即〔小凤孙儿〕，亦名〔凤将雏〕，亦名〔小妇孩儿〕。,31
191,滴滴金,北曲/雙調,甜水令,即〔甜水令〕。,40
192,折桂令,北曲/雙調,蟾宮曲|秋風第一枝|天香引|步蟾宮,即〔蟾宫曲〕，亦名〔秋风第一枝〕，亦名〔天香引〕，亦名〔步蟾宫〕。,110
193,清江引,北曲/雙調,江兒水,即〔江儿水〕。,166
194,春闺怨,北曲/雙調,,与商调出入。,2
195,牡丹春,北曲/雙調,,与商调出入。,2
196,汉江秋,北曲/雙調,荊襄怨,即〔荆襄怨〕。,1
197,小将军,北曲/雙調,,与仙吕出入。,5
198,庆丰年,北曲/雙調,,,2
199,太清歌,北曲/雙調,,,7
200,小阳关,北曲/雙調,,,1
201,捣练子,北曲/雙調,胡搗練,即〔胡捣练〕。,1
202,秋莲曲,北曲/雙調,,,1
203,挂玉钩序,北曲/雙調,掛搭序,即〔挂搭序〕。,1
204,荆山玉,北曲/雙調,側磚兒,即〔侧砖儿〕。与南吕出入。,7
205,竹枝歌,北曲/雙調,,与南吕出入。,5
206,沽美酒,北曲/雙調,瓊林宴,即〔琼林宴〕。,81
207,太平令,北曲/雙調,,,28
208,快活年,北曲/雙調,,,1
209,乱柳叶,北曲/雙調,,与中吕出入。,3
210,豆叶黄,北曲/雙調,,,8
211,川拨棹,北曲/雙調,,,35
212,七弟兄,北曲/雙調,,,42
213,梅花酒,北曲/雙調,,,22
214,收江南,北曲/雙調,,「收」或作「喜」。,72
215,挂玉钩,北曲/雙調,掛搭沽,即〔挂搭沽〕。,25
216,早乡词,北曲/雙調,,,2
217,石竹子,北曲/雙調,,,1
218,山石榴,北曲/雙調,,,4
219,醉娘子,北曲/雙調,醉也摩挲,即〔醉也摩挲〕。,3
220,驸马还朝,北曲/雙調,相公愛,即〔相公爱〕。,4
221,胡十八,北曲/雙調,,,10
222,一锭银,北曲/雙調,,,4
223,阿纳忽,北曲/雙調,,「纳」或作「那」。,3
224,小拜门,北曲/雙調,,「小」一作「不」。,1
225,慢金盏,北曲/雙調,金盞子,即〔金盏子〕。,8
226,大拜门,北曲/雙調,,,3
227,也不罗,北曲/雙調,野絡索,即〔野络索〕。,1
228,小喜人心,北曲/雙調,,,1
229,风流体,北曲/雙調,,与中吕出入。,4
230,古都白,北曲/雙調,,「古」或作「忽」。,2
231,唐古歹,北曲/雙調,,,1
232,河西水仙子,北曲/雙調,,,1
233,华严赞,北曲/雙調,,,1
234,行香子,北曲/雙調,,,1
235,锦上花,北曲/雙調,,,3
236,碧玉箫,北曲/雙調,,,18
237,祆神急,北曲/雙調,祅神急,与仙吕不同。,1
238,骤雨打新荷,北曲/雙調,,,0
239,驻马听近,北曲/雙調,,或无「近」字。,1
240,金娥神曲,北曲/雙調,,,1
241,神曲缠,北曲/雙調,,,1
242,得胜乐,北曲/雙調,,与仙吕出入。,5
243,大德乐,北曲/雙調,,,1
244,楚天遥,北曲/雙調,,,2
245,新时令,北曲/雙調,,,1
246,阿忽令,北曲/雙調,,,2
247,山丹花,北曲/雙調,,,2
248,十棒鼓,北曲/雙調,,,2
249,殿前喜,北曲/雙調,,,2
250,播海令,北曲/雙調,,,1
251,大喜人心,北曲/雙調,,,1
252,醉春风,北曲/雙調,,与中吕不同。,1
253,间金四块玉,北曲/雙調,,,1
254,减字木兰花,北曲/雙調,,,1
255,高过金盏儿,北曲/雙調,,,1
256,对玉环,北曲/雙調,,,5
257,青玉案,北曲/雙調,,,1
258,鱼游春水,北曲/雙調,,,2
259,秋江送,北曲/雙調,,,1
260,枳郎儿,北曲/雙調,,,2
261,河西六娘子,北曲/雙調,,,1
262,皂旗儿,北曲/雙調,,,1
263,本调煞,北曲/雙調,,,1
264,鸳鸯煞,北曲/雙調,,,36
265,离亭宴带歇指煞,北曲/雙調,,,1
266,收尾,北曲/雙調,,与正宫、南吕、越调出入。,53
267,离亭宴煞,北曲/雙調,,,8
268,天仙令,北曲/雙調,,补遗,1
269,斗鹌鹑,北曲/越調,,与中吕不同。,45
270,紫花儿序,北曲/越調,,,50
271,金蕉叶,北曲/越調,,,14
272,小桃红,北曲/越調,,,23
273,踏阵马,北曲/越調,,,1
274,天净沙,北曲/越調,,,19
275,调笑令,北曲/越調,含笑花,即〔含笑花〕。,46
276,秃厮儿,北曲/越調,小沙門|耍廝兒,即〔小沙门〕，亦名〔耍厮儿〕。,20
277,圣药王,北曲/越調,,,41
278,麻郎儿,北曲/越調,,,11
279,东原乐,北曲/越調,,,12
280,络丝娘,北曲/越調,,,23
281,送远行,北曲/越調,,,1
282,绵搭絮,北曲/越調,,,5
283,拙鲁速,北曲/越調,,,12
284,雪里梅,北曲/越調,,,3
285,古竹马,北曲/越調,,与南吕出入。,1
286,郓州春,北曲/越調,,,1
287,眉儿弯,北曲/越調,,,1
288,酒旗儿,北曲/越調,,与商调出入。,3
289,青山口,北曲/越調,,,3
290,寨儿令,北曲/越調,柳營曲,即〔柳营曲〕。与黄钟不同。,21
291,黄蔷薇,北曲/越調,,,3
292,庆元贞,北曲/越調,,,4
293,三台印,北曲/越調,鬼三台,即〔鬼三台〕。与中吕出入。,32
294,凭阑人,北曲/越調,,,3
295,耍三台,北曲/越調,,「台」或作「台」。,8
296,梅花引,北曲/越調,,,1
297,看花回,北曲/越調,,,2
298,南乡子,北曲/越調,,,1
299,糖多令,北曲/越調,,,1
300,雪中梅,北曲/越調,,,1
301,小络丝娘,北曲/越調,,,1
302,煞,北曲/越調,,,1
303,尾声,北曲/越調,,,1
304,集贤宾,北曲/商調,,,12
305,逍遥乐,北曲/商調,,,10
306,上京马,北曲/商調,,与仙吕不同。,1
307,梧叶儿,北曲/商調,知秋令,即〔知秋令〕。,14
308,金菊香,北曲/商調,,,24
309,醋葫芦,北曲/商調,,,30
310,挂金索,北曲/商調,,与黄钟宫出入。,40
311,浪里来,北曲/商調,煞,亦作〔煞〕。「里来」或作「来里」。,2
312,双雁儿,北曲/商調,,,11
313,望远行,北曲/商調,,,1
314,凤凰吟,北曲/商調,,「凰」或作「鸾」。与仙吕出入。,1
315,玉胞肚,北曲/商調,玉抱肚,亦入双调。,116
316,秦楼月,北曲/商調,,,1
317,桃花浪,北曲/商調,,,1
318,高平煞,北曲/商調,,,1
319,尾声,北曲/商調,,本商角调。,1
320,黄莺儿,北曲/商角調,,亦借入商调。,8
321,踏莎行,北曲/商角調,,亦借入商调。,4
322,盖天旗,北曲/商角調,,亦借入商调。,1
323,垂丝钓,北曲/商角調,,亦借入商调。,1
324,应天长,北曲/商角調,,亦借入商调。,1
325,尾声,北曲/商角調,,,1
326,哨遍,北曲/般涉調,,亦借入中吕。,5
327,脸儿红,北曲/般涉調,麻婆子,即〔麻婆子〕。亦借入中吕。,1
328,墙头花,北曲/般涉調,,亦借入中吕。,1
329,瑶台月,北曲/般涉調,,亦借入中吕。,1
330,急曲子,北曲/般涉調,從拍令,即〔从拍令〕。亦借入中吕。,1
331,耍孩儿,北曲/般涉調,魔合羅,即〔魔合罗〕。与正宫、中吕、双调出入。,45
332,煞,北曲/般涉調,,,1
333,尾声,北曲/般涉調,,与中吕煞尾同。,1
334,卜算子,南曲/仙呂宮/引子,,,58
335,番卜算,南曲/仙呂宮/引子,,,61
336,剑器令,南曲/仙呂宮/引子,,,5
337,小蓬莱,南曲/仙呂宮/引子,,,18
338,探春令,南曲/仙呂宮/引子,,,16
339,醉落魄,南曲/仙呂宮/引子,,,10
340,天下乐,南曲/仙呂宮/引子,,此调虽似七言绝句诗，然第三句亦用韵。,1
341,鹊桥仙,南曲/仙呂宮/引子,,,29
342,金鸡叫,南曲/仙呂宮/引子,,,9
343,奉时春,南曲/仙呂宮/引子,,,1
344,紫苏丸,南曲/仙呂宮/引子,,,14
345,糖多令,南曲/仙呂宮/引子,,「糖」亦作「唐」。,0
346,梅子黄时雨,南曲/仙呂宮/引子,黃梅雨,即〔黄梅雨〕。,2
347,似娘儿,南曲/仙呂宮/引子,,,1
348,望远行,南曲/仙呂宮/引子,,,1
349,鹧鸪天,南曲/仙呂宮/引子,,,22
350,光光乍,南曲/仙呂宮/過曲,,自此至〔上马踢〕十曲皆小用，亦可借作冲场。,26
351,铁骑儿,南曲/仙呂宮/過曲,簷前馬,又名〔檐前马〕。,2
352,碧牡丹,南曲/仙呂宮/過曲,,,3
353,大斋郎,南曲/仙呂宮/過曲,,,10
354,胜葫芦,南曲/仙呂宮/過曲,大河蟹,又名〔大河蟹〕。,2
355,青歌儿,南曲/仙呂宮/過曲,福清歌,或作〔福清歌〕。,31
356,胡女怨,南曲/仙呂宮/過曲,,,1
357,五方鬼,南曲/仙呂宮/過曲,,,3
358,望梅花,南曲/仙呂宮/過曲,,,2
359,上马踢,南曲/仙呂宮/過曲,,,2
360,月儿高,南曲/仙呂宮/過曲,誤佳期,又名〔误佳期〕。,16
361,摊破月儿高,南曲/仙呂宮/過曲,,,1
362,二犯月儿高,南曲/仙呂宮/過曲,,第二段犯〔五更转〕，后段似犯〔红叶儿〕，姑阙之。,2
363,月云高,南曲/仙呂宮/過曲,,此调犯〔渡江云〕，而〔渡江云〕本调缺。,41
364,月照山,南曲/仙呂宮/過曲,,此犯商调。,2
365,月上五更,南曲/仙呂宮/過曲,,此犯南吕。,3
366,蛮江令,南曲/仙呂宮/過曲,,「蛮」或作「銮」。,2
367,凉草虫,南曲/仙呂宮/過曲,狼草生,或作〔狼草生〕。,3
368,蜡梅花,南曲/仙呂宮/過曲,,,1
369,感亭秋,南曲/仙呂宮/過曲,,「感」或作「撼」。,2
370,望吾乡,南曲/仙呂宮/過曲,,,19
371,喜还京,南曲/仙呂宮/過曲,,,1
372,美中美,南曲/仙呂宮/過曲,,,1
373,油核桃,南曲/仙呂宮/過曲,油葫蘆,或作〔油葫芦〕非。,3
374,木丫牙,南曲/仙呂宮/過曲,木丫叉,或作「木丫叉」非。今所谓〔长拍〕者一名〔木丫叉〕，然与此不同，惟后四句稍相似。,3
375,长拍,南曲/仙呂宮/過曲,,,21
376,短拍,南曲/仙呂宮/過曲,迴文,一名〔回文〕，必接〔长拍〕之下。,18
377,醉扶归,南曲/仙呂宮/過曲,,,9
378,皂罗袍,南曲/仙呂宮/過曲,,,111
379,皂袍罩黄莺,南曲/仙呂宮/過曲,,此犯商调。,4
380,醉罗袍,南曲/仙呂宮/過曲,醉翻袍,又名〔醉翻袍〕。此犯本宫。,2
381,醉罗歌,南曲/仙呂宮/過曲,,此犯本宫。,20
382,醉花云,南曲/仙呂宮/過曲,,此犯羽调。,3
383,醉归花月渡,南曲/仙呂宮/過曲,,此犯本宫，兼羽调。,1
384,罗袍歌,南曲/仙呂宮/過曲,,此犯本宫。,4
385,羽调排歌,南曲/仙呂宮/過曲,,以下二曲亦通羽调。,6
386,三叠排歌,南曲/仙呂宮/過曲,道和排歌,又名〔道和排歌〕。,1
387,傍妆台,南曲/仙呂宮/過曲,,此本调，也与《荆钗》、《香囊》诸曲不同。,30
388,二犯傍妆台,南曲/仙呂宮/過曲,,俱犯本宫。,47
389,八声甘州,南曲/仙呂宮/過曲,,,2
390,甘州解酲,南曲/仙呂宮/過曲,,此犯本宫。,1
391,甘州歌,南曲/仙呂宮/過曲,,此犯本宫。,79
392,十五郎,南曲/仙呂宮/過曲,,,4
393,一盆花,南曲/仙呂宮/過曲,,,12
394,桂枝香,南曲/仙呂宮/過曲,,,1
395,二犯桂枝香,南曲/仙呂宮/過曲,,此犯本宫及羽调。,2
396,天香满罗袖,南曲/仙呂宮/過曲,,此犯本宫。,1
397,河传序,南曲/仙呂宮/過曲,聚八仙,旧名〔聚八仙〕。又分为二曲，非是。,1
398,拗芝麻,南曲/仙呂宮/過曲,,,1
399,一封书,南曲/仙呂宮/過曲,,,105
400,一封歌,南曲/仙呂宮/過曲,,此犯本宫。,2
401,一封罗,南曲/仙呂宮/過曲,,,6
402,安乐神犯,南曲/仙呂宮/過曲,,此调犯〔排歌〕。未见本调。,3
403,香归罗袖,南曲/仙呂宮/過曲,,此犯本宫。,3
404,解三酲,南曲/仙呂宮/過曲,,「酲」或作「醒」非。,125
405,解酲带甘州,南曲/仙呂宮/過曲,,此犯本宫。,1
406,解酲歌,南曲/仙呂宮/過曲,,此犯本宫。,1
407,解袍歌,南曲/仙呂宮/過曲,,此犯本宫。,3
408,解酲望乡,南曲/仙呂宮/過曲,,此犯本宫。,1
409,掉角儿序,南曲/仙呂宮/過曲,,「掉」亦作「调」，或作「皂」非。,3
410,掉角望乡,南曲/仙呂宮/過曲,,此犯本宫。,1
411,番鼓儿,南曲/仙呂宮/過曲,,,15
412,惜黄花,南曲/仙呂宮/過曲,,,3
413,西河柳,南曲/仙呂宮/過曲,,,1
414,春从天上来,南曲/仙呂宮/過曲,,,1
415,古皂罗袍,南曲/仙呂宮/過曲,,,5
416,甘州八犯,南曲/仙呂宮/過曲,,,1
417,河传,南曲/仙呂宮/慢詞,,「河」旧作「何」。,2
418,声声慢,南曲/仙呂宮/慢詞,,,2
419,八声甘州,南曲/仙呂宮/慢詞,,,0
420,杜韦娘,南曲/仙呂宮/慢詞,,,4
421,桂枝香,南曲/仙呂宮/慢詞,疏簾淡月,一名〔疏帘淡月〕。,1
422,赚,南曲/仙呂宮/近詞,惜花賺|薄媚賺,一名〔惜花赚〕，又名〔薄媚赚〕。,1
423,天下乐,南曲/仙呂宮/近詞,,「乐」一作「欢」。,1
424,三嘱付,南曲/仙呂宮/近詞,,「嘱」或作「祝」非。,1
425,喜还京,南曲/仙呂宮/近詞,還京樂,疑即〔还京乐〕。,1
426,金凤钗,南曲/羽調/近詞,四時花,旧注云：「即〔四时花〕。」今查不同，故将二调并列。,1
427,四时花,南曲/羽調/近詞,,,1
428,四季花,南曲/羽調/近詞,四時花,疑即〔四时花〕，然又大同小异。,1
429,胜如花,南曲/羽調/近詞,,,19
430,庆时丰,南曲/羽調/近詞,慶豐登,又名〔庆丰登〕。,1
431,马鞍儿,南曲/羽調/近詞,,「儿」一作「子」。,2
432,浪淘沙,南曲/羽調/近詞,賣花聲,即〔卖花声〕。,1
433,归仙洞,南曲/羽調/近詞,,,1
434,尾声,南曲/羽調,,附录。,1
435,尾声总论,南曲/仙呂羽調,,,0
436,燕归梁,南曲/正宮/引子,,,8
437,七娘子,南曲/正宮/引子,,「子」或作「儿」。,24
438,梁州令,南曲/正宮/引子,,,16
439,破阵子,南曲/正宮/引子,,,22
440,齐天乐,南曲/正宮/引子,,,1
441,破齐阵,南曲/正宮/引子,,此犯本宫。,15
442,瑞鹤仙,南曲/正宮/引子,,,1
443,喜迁莺,南曲/正宮/引子,,,2
444,缑山月,南曲/正宮/引子,,,7
445,新荷叶,南曲/正宮/引子,,,3
446,玉芙蓉,南曲/正宮/過曲,,,108
447,刷子序,南曲/正宮/過曲,,,1
448,刷子带芙蓉,南曲/正宮/過曲,汲煞尾,一名〔汲煞尾〕，此犯本宫。,1
449,锦缠道,南曲/正宮/過曲,,,46
450,朱奴儿,南曲/正宮/過曲,紅娘子,一名〔红娘子〕。,38
451,朱奴插芙蓉,南曲/正宮/過曲,,此犯本宫。,2
452,朱奴剔银镫,南曲/正宮/過曲,,此犯中吕。,1
453,朱奴带锦缠,南曲/正宮/過曲,,此犯本宫。,1
454,普天乐,南曲/正宮/過曲,,,7
455,普天带芙蓉,南曲/正宮/過曲,,此犯本宫。,2
456,普天乐犯,南曲/正宮/過曲,,,6
457,锦芙蓉,南曲/正宮/過曲,,,4
458,芙蓉红,南曲/正宮/過曲,,,9
459,锦庭乐,南曲/正宮/過曲,,,3
460,锦庭芳,南曲/正宮/過曲,,,1
461,锦缠乐,南曲/正宮/過曲,,,1
462,雁过声,南曲/正宮/過曲,,《旧谱》后又载〔阳关三叠〕，与此句调无异，正是一曲两名，故删去不录。,9
463,风淘沙,南曲/正宮/過曲,,,1
464,四边静,南曲/正宮/過曲,,,2
465,福马郎,南曲/正宮/過曲,,,17
466,小桃红,南曲/正宮/過曲,山桃犯,与越调不同，或作〔山桃犯〕。,4
467,绿襕衫,南曲/正宮/過曲,,「衫」或作「踢」非。,1
468,三字令,南曲/正宮/過曲,,,1
469,一撮棹,南曲/正宮/過曲,,,23
470,三字令过十二桥,南曲/正宮/過曲,,此连〔四边静〕。,1
471,泣秦娥,南曲/正宮/過曲,,,1
472,倾杯序,南曲/正宮/過曲,,,2
473,倾杯赏芙蓉,南曲/正宮/過曲,,此犯本宫。,1
474,长生道引,南曲/正宮/過曲,,,2
475,彩旗儿,南曲/正宮/過曲,,与双调不同。,1
476,满江红急,南曲/正宮/過曲,,所犯未详。,1
477,白练序,南曲/正宮/過曲,,,21
478,醉太平,南曲/正宮/過曲,,又入南吕。,1
479,小醉太平,南曲/正宮/過曲,,又入南吕。,2
480,双溪𪀦,南曲/正宮/過曲,,,1
481,洞仙歌,南曲/正宮/過曲,,,10
482,雁鱼锦,南曲/正宮/過曲,,此犯中吕及本宫，后四段每段末二句俱犯〔雁过声〕。,26
483,山渔镫,南曲/正宮/過曲,,,2
484,山渔镫犯,南曲/正宮/過曲,虞美人犯,此犯本宫，或名〔虞美人犯〕，非。,2
485,雁过沙,南曲/正宮/過曲,,,17
486,雁来红,南曲/正宮/過曲,,,28
487,沙雁拣南枝,南曲/正宮/過曲,,此犯双调。「拣」字向误作「练」。,1
488,金殿喜重重,南曲/正宮/過曲,,,1
489,花药阑,南曲/正宮/過曲,,,1
490,赚,南曲/正宮/過曲,傾懷賺,疑即〔倾怀赚〕。,1
491,怕春归,南曲/正宮/過曲,,,1
492,春归犯,南曲/正宮/過曲,,所犯未详。,1
493,蔷薇花,南曲/正宮/過曲,,,4
494,丑奴儿近,南曲/正宮/過曲,,,1
495,黄钟赚,南曲/正宮/過曲,,,1
496,安公子,南曲/正宮/慢詞,,《旧谱》误作「公安子」。,0
497,长生道引,南曲/正宮/慢詞,,,1
498,划锹令,南曲/正宮/近詞,,「划」或作「刬」，非。,3
499,湘浦云,南曲/正宮/近詞,刷子序,旧注云：「即〔刷子序〕」，今查不同。,1
500,尾声总论,南曲/正宮,,,0
501,东风第一枝,南曲/大石調/引子,,,2
502,碧玉令,南曲/大石調/引子,,,2
503,少年游,南曲/大石調/引子,,,7
504,念奴娇,南曲/大石調/引子,,,1
505,烛影摇红,南曲/大石調/引子,,,1
506,沙塞子,南曲/大石調/過曲,玉河滾,又名〔玉河滚〕。,1
507,本宫赚,南曲/大石調/過曲,,,1
508,沙塞子急,南曲/大石調/過曲,,,1
509,馀音,南曲/大石調/過曲,尾聲,即〔尾声〕。,6
510,念奴娇序,南曲/大石調/過曲,,,17
511,摧拍,南曲/大石調/過曲,急板令,又名〔急板令〕。,35
512,赛观音,南曲/大石調/過曲,,,9
513,人月圆,南曲/大石調/過曲,,,1
514,长寿仙,南曲/大石調/過曲,,,1
515,蓦山溪,南曲/大石調/慢詞,,,0
516,乌夜啼,南曲/大石調/慢詞,,,1
517,丑奴儿,南曲/大石調/慢詞,,,0
518,插花三台,南曲/大石調/近詞,,,1
519,尾声总论,南曲/大石調,,,0
520,粉蝶儿,南曲/中呂宮/引子,,,4
521,四园春,南曲/中呂宮/引子,,,4
522,思园春,南曲/中呂宮/引子,,,3
523,醉中归,南曲/中呂宮/引子,,,1
524,满庭芳,南曲/中呂宮/引子,,,3
525,行香子,南曲/中呂宮/引子,,,0
526,菊花新,南曲/中呂宮/引子,,,116
527,青玉案,南曲/中呂宮/引子,,,0
528,尾犯,南曲/中呂宮/引子,,,1
529,金菊对芙蓉,南曲/中呂宮/引子,,,8
530,绕红楼,南曲/中呂宮/引子,,此两犯正宫。,12
531,剔银镫引,南曲/中呂宮/引子,,,1
532,泣颜回,南曲/中呂宮/過曲,,,83
533,好事近,南曲/中呂宮/過曲,,此亦两犯正宫。,33
534,石榴花,南曲/中呂宮/過曲,,,5
535,榴花泣,南曲/中呂宮/過曲,,此犯本宫。,44
536,驻马听,南曲/中呂宮/過曲,,,4
537,马蹄花,南曲/中呂宮/過曲,,此犯本宫。,19
538,驻马泣,南曲/中呂宮/過曲,,此亦犯本宫。,7
539,番马舞秋风,南曲/中呂宮/過曲,,此犯南吕。,1
540,倚马待风云,南曲/中呂宮/過曲,,中段犯南吕，末段犯本宫。,1
541,驻马摘金桃,南曲/中呂宮/過曲,,所犯未详。,3
542,驻云飞,南曲/中呂宮/過曲,,,139
543,古轮台,南曲/中呂宮/過曲,,,39
544,馀文,南曲/中呂宮/過曲,,附录,63
545,扑镫蛾,南曲/中呂宮/過曲,,,62
546,念佛子,南曲/中呂宮/過曲,,,14
547,大和佛,南曲/中呂宮/過曲,和佛兒,即〔和佛儿〕。,12
548,鹘打兔,南曲/中呂宮/過曲,,,1
549,大影戏,南曲/中呂宮/過曲,,,4
550,两休休,南曲/中呂宮/過曲,,,1
551,好孩儿,南曲/中呂宮/過曲,,,3
552,粉孩儿,南曲/中呂宮/過曲,,,6
553,红芍药,南曲/中呂宮/過曲,,与南吕不同。,1
554,耍孩儿,南曲/中呂宮/過曲,,,4
555,会河阳,南曲/中呂宮/過曲,,,8
556,缕缕金,南曲/中呂宮/過曲,,,87
557,越恁好,南曲/中呂宮/過曲,,,46
558,渔家傲,南曲/中呂宮/過曲,,,20
559,剔银镫,南曲/中呂宮/過曲,,,7
560,摊破地锦花,南曲/中呂宮/過曲,,,7
561,麻婆子,南曲/中呂宮/過曲,,,1
562,尾犯序,南曲/中呂宮/過曲,,,62
563,尾犯芙蓉,南曲/中呂宮/過曲,,此犯正宫。,1
564,丹凤吟,南曲/中呂宮/過曲,,,5
565,十破四,南曲/中呂宮/過曲,,,1
566,冰车歌,南曲/中呂宮/過曲,,,1
567,永团圆,南曲/中呂宮/過曲,,,3
568,耍鲍老,南曲/中呂宮/過曲,鮑老兒,〔耍鲍〕老一名〔鲍老儿〕。,1
569,瓦盆儿,南曲/中呂宮/過曲,,,5
570,喜渔镫,南曲/中呂宮/過曲,,,4
571,渔家镫,南曲/中呂宮/過曲,,,15
572,石榴挂渔镫,南曲/中呂宮/過曲,,此犯本宫。,1
573,雁过镫,南曲/中呂宮/過曲,,,1
574,荼蘼香傍拍,南曲/中呂宮/過曲,,,1
575,舞霓裳,南曲/中呂宮/過曲,,,14
576,山花子,南曲/中呂宮/過曲,,,120
577,千秋岁,南曲/中呂宮/過曲,,,15
578,红绣鞋,南曲/中呂宮/過曲,,,4
579,添字红绣鞋,南曲/中呂宮/過曲,,,6
580,驮环著,南曲/中呂宮/過曲,,「驮」或作「大」，非。,1
581,合笙,南曲/中呂宮/過曲,,,1
582,风蝉儿,南曲/中呂宮/過曲,風檢才,或作〔风检才〕。,2
583,醉春风,南曲/中呂宮/慢詞,,,0
584,贺圣朝,南曲/中呂宮/慢詞,,与双调不同。,0
585,沁园春,南曲/中呂宮/慢詞,,,13
586,柳梢青,南曲/中呂宮/慢詞,,,0
587,迎仙客,南曲/中呂宮/近詞,,,2
588,杵歌,南曲/中呂宮/近詞,,,1
589,阿好闷,南曲/中呂宮/近詞,,,1
590,呼唤子,南曲/中呂宮/近詞,,与南吕不同。,1
591,太平令,南曲/中呂宮/近詞,,,1
592,德胜序,南曲/中呂宮/近詞,,此调后可用〔不是路〕及〔念佛子〕。,1
593,宫娥泣,南曲/中呂宮/近詞,,,4
594,尾声总论,南曲/中呂宮,,,0
595,哨遍,南曲/般涉調/慢詞,,,0
596,大胜乐,南曲/南呂宮/引子,,「胜」或作「圣」。,1
597,金莲子,南曲/南呂宮/引子,,,1
598,恋芳春,南曲/南呂宮/引子,,,8
599,小女冠子,南曲/南呂宮/引子,,与黄钟不同。或无「小」字。,2
600,临江仙,南曲/南呂宮/引子,,,66
601,女临江,南曲/南呂宮/引子,,,2
602,一剪梅,南曲/南呂宮/引子,,,67
603,临江梅,南曲/南呂宮/引子,,,7
604,一枝花,南曲/南呂宮/引子,,,2
605,折腰一枝花,南曲/南呂宮/引子,,中三句转调，故名「折腰」。所犯未详。,1
606,薄媚,南曲/南呂宮/引子,薄媚令,或作〔薄媚令〕。,2
607,虞美人,南曲/南呂宮/引子,,,18
608,意难忘,南曲/南呂宮/引子,,,7
609,称人心,南曲/南呂宮/引子,,,16
610,三登乐,南曲/南呂宮/引子,,,4
611,转山子,南曲/南呂宮/引子,,,4
612,薄倖,南曲/南呂宮/引子,,,23
613,生查子,南曲/南呂宮/引子,,,89
614,哭相思,南曲/南呂宮/引子,,,67
615,于飞乐,南曲/南呂宮/引子,,,3
616,步蟾宫,南曲/南呂宮/引子,,,1
617,满江红,南曲/南呂宮/引子,,,22
618,上林春,南曲/南呂宮/引子,,,17
619,满园春,南曲/南呂宮/引子,,,1
620,挂真儿,南曲/南呂宮/引子,破掛真,又名〔破挂真〕,48
621,梁州序,南曲/南呂宮/過曲,梁州第七,一名〔梁州第七〕。,167
622,梁州新郎,南曲/南呂宮/過曲,,向作「梁州小序」，非。,9
623,贺新郎,南曲/南呂宮/過曲,,,1
624,缠枝花,南曲/南呂宮/過曲,,,6
625,贺新郎衮,南曲/南呂宮/過曲,,,1
626,节节高,南曲/南呂宮/過曲,生薑芽,即〔生姜芽〕。,8
627,大胜乐,南曲/南呂宮/過曲,,「胜」或作「圣」。,2
628,奈子花,南曲/南呂宮/過曲,,,37
629,奈子落琐窗,南曲/南呂宮/過曲,,此犯本宫。,1
630,奈子宜春,南曲/南呂宮/過曲,,此亦犯本宫。,1
631,青衲袄,南曲/南呂宮/過曲,,,2
632,红衲袄,南曲/南呂宮/過曲,,,5
633,一江风,南曲/南呂宮/過曲,,,104
634,单调风云会,南曲/南呂宮/過曲,,此犯中宫。,2
635,梅花塘,南曲/南呂宮/過曲,,,1
636,香柳娘,南曲/南呂宮/過曲,,古本俱无叠句，今从俗。,221
637,女冠子,南曲/南呂宮/過曲,,或上有「古」字。,1
638,孤雁飞,南曲/南呂宮/過曲,孤飛雁,或作〔孤飞雁〕。,2
639,石竹花,南曲/南呂宮/過曲,石竹子,或作〔石竹子〕。,2
640,解连环,南曲/南呂宮/過曲,,,1
641,风检才,南曲/南呂宮/過曲,,与中吕〔风蝉儿〕相同。,1
642,呼唤子,南曲/南呂宮/過曲,,与中吕不同。,1
643,大迓鼓,南曲/南呂宮/過曲,,,83
644,引驾行,南曲/南呂宮/過曲,,,3
645,薄媚衮,南曲/南呂宮/過曲,,,7
646,竹马儿,南曲/南呂宮/過曲,,,4
647,番竹马,南曲/南呂宮/過曲,,,1
648,绣带儿,南曲/南呂宮/過曲,癡冤家,一云即〔痴冤家〕。,30
649,绣太平,南曲/南呂宮/過曲,,此犯正宫。,3
650,绣带宜春,南曲/南呂宮/過曲,,此犯本宫。,1
651,宜春乐,南曲/南呂宮/過曲,,此亦犯本宫。,2
652,太师引,南曲/南呂宮/過曲,,,57
653,醉太师,南曲/南呂宮/過曲,,此正宫犯本宫。,2
654,太师垂绣带,南曲/南呂宮/過曲,,此犯本宫。,1
655,琐窗寒,南曲/南呂宮/過曲,瑣寒窗,亦作〔琐寒窗〕。,33
656,琐窗郎,南曲/南呂宮/過曲,,此犯本宫，向作犯〔阮郎归〕，非是，今改正。,65
657,阮郎归,南曲/南呂宮/過曲,,,16
658,绣衣郎,南曲/南呂宮/過曲,,,5
659,宜春令,南曲/南呂宮/過曲,,,102
660,三学士,南曲/南呂宮/過曲,,,100
661,学士解酲,南曲/南呂宮/過曲,,此犯仙吕。,1
662,刮鼓令,南曲/南呂宮/過曲,,「鼓」或作「古」。,74
663,罗鼓令,南曲/南呂宮/過曲,,「鼓」或作「古」。此犯仙吕及越调。,3
664,痴冤家,南曲/南呂宮/過曲,,,1
665,金莲子,南曲/南呂宮/過曲,,,1
666,金莲带东瓯,南曲/南呂宮/過曲,,此犯本宫。,1
667,香罗带,南曲/南呂宮/過曲,,,49
668,罗带儿,南曲/南呂宮/過曲,,此犯商调。,4
669,二犯香罗带,南曲/南呂宮/過曲,香風俏臉兒,一名〔香风俏脸儿〕。所犯未详。,1
670,罗江怨,南曲/南呂宮/過曲,羅帶風,此犯本宫。一名〔罗带风〕。,35
671,五样锦,南曲/南呂宮/過曲,,此犯仙吕商调，仙吕入双调。,2
672,三换头,南曲/南呂宮/過曲,,所犯未详。,30
673,香遍满,南曲/南呂宮/過曲,,,33
674,懒画眉,南曲/南呂宮/過曲,,,160
675,浣溪沙,南曲/南呂宮/過曲,浣沙溪,或作〔浣沙溪〕。,9
676,秋夜月,南曲/南呂宮/過曲,,,34
677,东瓯令,南曲/南呂宮/過曲,,,61
678,刘泼帽,南曲/南呂宮/過曲,,,50
679,泼帽落东瓯,南曲/南呂宮/過曲,,此犯本宫。,1
680,金钱花,南曲/南呂宮/過曲,,,47
681,五更转,南曲/南呂宮/過曲,,,66
682,五更转犯,南曲/南呂宮/過曲,,所犯未详。,5
683,二犯五更转,南曲/南呂宮/過曲,,,1
684,刘衮,南曲/南呂宮/過曲,中都悄,亦名〔中都悄〕。,7
685,红衫儿,南曲/南呂宮/過曲,,,2
686,本宫赚,南曲/南呂宮/過曲,,,1
687,梁州赚,南曲/南呂宮/過曲,正宮賺,一作〔正宫赚〕,2
688,红芍药,南曲/南呂宮/過曲,,与中吕不同。,1
689,古针线箱,南曲/南呂宮/過曲,,,1
690,针线箱,南曲/南呂宮/過曲,,向误收〔大胜乐〕作，今改正。,9
691,满园春,南曲/南呂宮/過曲,,与商调不同。,1
692,八宝妆,南曲/南呂宮/過曲,,起四句似〔梧桐树〕，当入商调，姑收于此。,1
693,九疑山,南曲/南呂宮/過曲,,此犯本宫及仙吕商调。,2
694,春锁窗,南曲/南呂宮/過曲,,此犯本宫。,1
695,浣沙刘月莲,南曲/南呂宮/過曲,,此犯本宫。,1
696,梁溪刘大香,南曲/南呂宮/過曲,,,1
697,绣带引,南曲/南呂宮/過曲,,此犯本宫。,1
698,懒针线,南曲/南呂宮/過曲,,此犯本宫。,1
699,醉宜春,南曲/南呂宮/過曲,,此正宫犯本宫。,1
700,锁窗绣,南曲/南呂宮/過曲,,此犯本宫。,1
701,大节高,南曲/南呂宮/過曲,,此犯本宫。,4
702,东瓯莲,南曲/南呂宮/過曲,,,2
703,尾声,南曲/南呂宮/過曲,,附录。,1
704,浣溪乐,南曲/南呂宮/過曲,,,1
705,春太平,南曲/南呂宮/過曲,,此犯正宫。,1
706,贺新郎,南曲/南呂宮/慢詞,,此系引子。,0
707,木兰花,南曲/南呂宮/慢詞,,此亦引子。,1
708,乌夜啼,南曲/南呂宮/慢詞,,此亦引子。,1
709,赚,南曲/南呂宮/近詞,婆羅門賺|薄媚賺,一名〔婆罗门赚〕，又名〔薄媚赚〕。,1
710,春色满皇州,南曲/南呂宮/近詞,,,1
711,捣白练,南曲/南呂宮/近詞,搗練子|白搗練,向注云：「即〔捣练子〕」，非。或作〔白捣练〕。,3
712,恨萧郎,南曲/南呂宮/近詞,,,1
713,尾声总论,南曲/南呂宮,,,0
714,绛都春,南曲/黃鍾宮/引子,,,10
715,疏影,南曲/黃鍾宮/引子,,,1
716,瑞云浓,南曲/黃鍾宮/引子,,「云」或作「烟」。,2
717,女冠子,南曲/黃鍾宮/引子,,,1
718,点绛唇,南曲/黃鍾宮/引子,,,1
719,传言玉女,南曲/黃鍾宮/引子,,,1
720,玉女步瑞云,南曲/黃鍾宮/引子,,,5
721,玩仙镫,南曲/黃鍾宮/引子,,,60
722,西地锦,南曲/黃鍾宮/引子,,,86
723,玉漏迟,南曲/黃鍾宮/引子,,,5
724,天仙子,南曲/黃鍾宮/引子,,此系引子，《旧谱》犹收于过曲之末，今改正。,0
725,绛都春序,南曲/黃鍾宮/過曲,,,4
726,出队子,南曲/黃鍾宮/過曲,,《旧谱》又有〔出队子慢〕，乃北曲体，不录。,1
727,闹樊楼,南曲/黃鍾宮/過曲,,,5
728,下小楼,南曲/黃鍾宮/過曲,上小樓,或作〔上小楼〕，乃北曲名也，南曲无之。,4
729,永团圆犯,南曲/黃鍾宮/過曲,耍鮑老,向名〔耍鲍老〕，今改正，说见中吕。,1
730,画眉序,南曲/黃鍾宮/過曲,,,145
731,画眉上海棠,南曲/黃鍾宮/過曲,,此犯仙吕，入双调。,3
732,画眉姐姐,南曲/黃鍾宮/過曲,,此犯仙吕，入双调。,1
733,滴滴金,南曲/黃鍾宮/過曲,,,6
734,滴溜子,南曲/黃鍾宮/過曲,雙聲疊韻|鬭雙雞,又名〔双声叠韵〕，又名〔斗双鸡〕。,120
735,出队滴溜子,南曲/黃鍾宮/過曲,,此犯本宫。,2
736,神仗儿,南曲/黃鍾宮/過曲,,,67
737,滴溜神仗,南曲/黃鍾宮/過曲,,此犯本宫。,4
738,鲍老催,南曲/黃鍾宮/過曲,,,49
739,双声子,南曲/黃鍾宮/過曲,,,47
740,双声滴,南曲/黃鍾宮/過曲,,此犯本宫。,1
741,啄木儿,南曲/黃鍾宮/過曲,,,100
742,啄木鹂,南曲/黃鍾宮/過曲,,此犯商调。,21
743,啄木叫画眉,南曲/黃鍾宮/過曲,,此犯本宫。,1
744,三段子,南曲/黃鍾宮/過曲,,,54
745,三段催,南曲/黃鍾宮/過曲,,此犯本宫。,1
746,归朝欢,南曲/黃鍾宮/過曲,,,36
747,水仙子,南曲/黃鍾宮/過曲,,,1
748,刮地风,南曲/黃鍾宮/過曲,,,1
749,春云怨,南曲/黃鍾宮/過曲,,,1
750,三春柳,南曲/黃鍾宮/過曲,,,1
751,降黄龙,南曲/黃鍾宮/過曲,,,69
752,黄龙醉太平,南曲/黃鍾宮/過曲,,此犯正宫。,1
753,黄龙捧镫月,南曲/黃鍾宮/過曲,,此犯本宫。,1
754,黄龙衮,南曲/黃鍾宮/過曲,,今人止作「衮遍」，非。,16
755,狮子序,南曲/黃鍾宮/過曲,,,19
756,太平歌,南曲/黃鍾宮/過曲,,,8
757,赏宫花,南曲/黃鍾宮/過曲,,,66
758,玉漏迟序,南曲/黃鍾宮/過曲,,,5
759,玉绛画眉序,南曲/黃鍾宮/過曲,,此犯本宫。,1
760,恨萧郎,南曲/黃鍾宮/過曲,,与南吕不同。,1
761,镫月交辉,南曲/黃鍾宮/過曲,,,1
762,恨更长,南曲/黃鍾宮/過曲,,,1
763,侍香金童,南曲/黃鍾宮/過曲,,又入仙吕。,1
764,传言玉女,南曲/黃鍾宮/過曲,,与引子不同。,1
765,月里嫦娥,南曲/黃鍾宮/過曲,,,1
766,尾声总论,南曲/黃鍾宮,,,0
767,浪淘沙,南曲/越調/引子,,与仙吕不同。,1
768,霜天晓角,南曲/越調/引子,,,67
769,金蕉叶,南曲/越調/引子,,,1
770,霜蕉叶,南曲/越調/引子,,此犯本宫。,4
771,杏花天,南曲/越調/引子,,,9
772,祝英台近,南曲/越調/引子,,,12
773,桃柳争春,南曲/越調/引子,,「春」或作「放」。,2
774,小桃红,南曲/越調/過曲,,与正宫不同。,3
775,下山虎,南曲/越調/過曲,,,48
776,山桃红,南曲/越調/過曲,,此犯本宫。,17
777,蛮牌令,南曲/越調/過曲,四般宜,即〔四般宜〕。,43
778,山虎嵌蛮牌,南曲/越調/過曲,,此犯本宫。,1
779,二犯排歌,南曲/越調/過曲,,,1
780,五般宜,南曲/越調/過曲,,,7
781,本宫赚,南曲/越調/過曲,,,1
782,斗蛤蟆,南曲/越調/過曲,,,1
783,五韵美,南曲/越調/過曲,醉歸遲|恨薄情,或作〔醉归迟〕，或作〔恨薄情〕。,12
784,罗帐里坐,南曲/越調/過曲,,,27
785,江头送别,南曲/越調/過曲,,,14
786,章台柳,南曲/越調/過曲,,,5
787,醉娘子,南曲/越調/過曲,似娘兒,一名〔似娘儿〕。与仙吕引子不同。,1
788,雁过南楼,南曲/越調/過曲,,,1
789,山麻秸,南曲/越調/過曲,麻郎兒,一名〔麻郎儿〕。「秸」俗讹作「客」。,6
790,花儿,南曲/越調/過曲,,,1
791,铧锹儿,南曲/越調/過曲,,,22
792,系人心,南曲/越調/過曲,,,3
793,道和,南曲/越調/過曲,,,1
794,包子令,南曲/越調/過曲,,「包」或作「鲍」，或作「豹」。,15
795,梅花酒,南曲/越調/過曲,,,1
796,亭前柳,南曲/越調/過曲,,,31
797,亭前送别,南曲/越調/過曲,,此犯本宫。,2
798,一匹布,南曲/越調/過曲,,,1
799,博头钱,南曲/越調/過曲,,「博」或作「扑」。,5
800,梨花儿,南曲/越調/過曲,,,44
801,水底鱼儿,南曲/越調/過曲,,,78
802,吒精令,南曲/越調/過曲,,或无「吒」字。,1
803,引军旗,南曲/越調/過曲,,,7
804,丞相贤,南曲/越調/過曲,,,1
805,赵皮鞋,南曲/越調/過曲,,,8
806,秃厮儿,南曲/越調/過曲,,,1
807,乔八分,南曲/越調/過曲,,,2
808,绣停针,南曲/越調/過曲,,,4
809,祝英台,南曲/越調/過曲,祝英臺序,或作〔祝英台序〕。,64
810,望歌儿,南曲/越調/過曲,,,5
811,斗宝蟾,南曲/越調/過曲,,,19
812,蛮牌嵌宝蟾,南曲/越調/過曲,,此犯本宫。,1
813,忆多娇,南曲/越調/過曲,,,111
814,斗黑麻,南曲/越調/過曲,山麻客,莫误作〔山麻客〕。,62
815,忆花儿,南曲/越調/過曲,,此犯本宫。,1
816,忆莺儿,南曲/越調/過曲,,此犯商调。,28
817,江神子,南曲/越調/過曲,,,7
818,园林杵歌,南曲/越調/過曲,園中好,或作〔园中好〕。,1
819,养花天,南曲/越調/慢詞,,,1
820,入赚,南曲/越調/近詞,竹馬兒賺,亦名〔竹马儿赚〕。,17
821,绵搭絮,南曲/越調/近詞,,,4
822,入破,南曲/越調/近詞,,自一至九，不拘多寡用之。,2
823,出破,南曲/越調/近詞,,亦不拘几曲，至第七而止。,4
824,尾声总论,南曲/越調,,,0
825,凤凰阁,南曲/商調/引子,,与诗馀换头处同。,21
826,风马儿,南曲/商調/引子,,又入越调。,20
827,高阳台,南曲/商調/引子,,一名《庆青春》。,0
828,忆秦娥,南曲/商調/引子,,,29
829,逍遥乐,南曲/商調/引子,,,1
830,绕池游,南曲/商調/引子,,「池」或作「地」，非。,9
831,三台令,南曲/商調/引子,,,1
832,二郎神慢,南曲/商調/引子,,,7
833,十二时,南曲/商調/引子,尾聲,或名〔尾声〕为，大非。,18
834,字字锦,南曲/商調/過曲,,此曲下当用〔不是路〕。,8
835,满园春,南曲/商調/過曲,遍地錦|鵲踏枝,即〔遍地锦〕，一〔名雪狮子〕，一名〔鹊踏枝〕。,1
836,高阳台,南曲/商調/過曲,,,1
837,山坡羊,南曲/商調/過曲,山坡裡羊,即〔山坡里羊〕。,6
838,山羊转五更,南曲/商調/過曲,,此犯南吕。,3
839,水红花,南曲/商調/過曲,,,22
840,水红花犯,南曲/商調/過曲,,所犯未详。,1
841,梧叶儿,南曲/商調/過曲,,,3
842,梧蓼弄金风,南曲/商調/過曲,,此犯本宫及仙吕，入双调。,1
843,梧蓼金罗,南曲/商調/過曲,,此犯仙吕入双调及仙吕。,1
844,梧桐花,南曲/商調/過曲,,,5
845,金梧桐,南曲/商調/過曲,,,1
846,金梧系山羊,南曲/商調/過曲,,此犯本宫。,2
847,金络索,南曲/商調/過曲,金索掛梧桐,或作〔金索挂梧桐〕，非。此犯南吕及仙吕。,34
848,金瓯线解酲,南曲/商調/過曲,,此犯南吕及仙吕。,1
849,梧桐树,南曲/商調/過曲,,,1
850,梧桐树犯,南曲/商調/過曲,,此犯南吕。,1
851,梧桐半折芙蓉花,南曲/商調/過曲,,,1
852,喜梧桐,南曲/商調/過曲,,,2
853,系梧桐,南曲/商調/過曲,,与〔喜梧桐〕大同小异，疑即一调。,1
854,二郎神,南曲/商調/過曲,,,64
855,二贤宾,南曲/商調/過曲,,此犯本宫。,1
856,二莺儿,南曲/商調/過曲,,此犯本宫。,3
857,二犯二郎神,南曲/商調/過曲,,此犯本宫。,1
858,集贤宾,南曲/商調/過曲,,,1
859,集贤听画眉,南曲/商調/過曲,,此犯黄钟。,1
860,集莺花,南曲/商調/過曲,,此犯本宫及黄钟。,2
861,集贤听黄莺,南曲/商調/過曲,,此犯本宫。,1
862,莺啼序,南曲/商調/過曲,,,33
863,莺啼春色中,南曲/商調/過曲,,此犯黄钟。,2
864,黄莺儿,南曲/商調/過曲,金衣公子,一名〔金衣公子〕。,9
865,黄莺学画眉,南曲/商調/過曲,,此犯黄钟。「学」或作「唤」，或作「斗」。,5
866,四犯黄莺儿,南曲/商調/過曲,,,5
867,莺花皂,南曲/商調/過曲,,此犯仙吕。,1
868,黄莺穿皂罗,南曲/商調/過曲,,此犯仙吕。,2
869,黄莺带一封,南曲/商調/過曲,,此犯仙吕。,2
870,啭林莺,南曲/商調/過曲,,,38
871,簇御林,南曲/商調/過曲,,,67
872,摊破簇御林,南曲/商調/過曲,,此犯黄钟。,3
873,御袍莺,南曲/商調/過曲,,此犯仙吕及本宫。,1
874,莺集御林春,南曲/商調/過曲,,此犯本宫及黄钟。,4
875,莺莺儿,南曲/商調/過曲,啼鶯兒,或作〔啼莺儿〕。此犯本宫。,9
876,琥珀猫儿坠,南曲/商調/過曲,,,61
877,猫儿出队,南曲/商調/過曲,,此犯黄钟。,1
878,猫儿坠玉枝,南曲/商調/過曲,,此犯仙吕入双调。,1
879,猫儿坠桐花,南曲/商調/過曲,,此犯本宫。,2
880,五团花,南曲/商調/過曲,,,1
881,吴小四,南曲/商調/過曲,,,10
882,三台令,南曲/商調/過曲,,,1
883,集贤宾,南曲/商調/慢詞,,,0
884,永遇乐,南曲/商調/慢詞,,,0
885,熙州三台,南曲/商調/慢詞,伊州三臺,即〔伊州三台〕。,2
886,解连环,南曲/商調/慢詞,,,0
887,秋夜雨,南曲/商調/慢詞,,黄钟调通用。,1
888,渔父第一,南曲/商調/近詞,,,2
889,尾声总论,南曲/商調,,,0
890,骤雨打新荷,南曲/小石調/近詞,荷葉鋪水面,即〔荷叶铺水面〕。,6
891,真珠帘,南曲/雙調/引子,,,2
892,真珠马,南曲/雙調/引子,,此犯商调。,1
893,花心动,南曲/雙調/引子,,,21
894,谒金门,南曲/雙調/引子,,,1
895,惜奴娇,南曲/雙調/引子,,,1
896,宝鼎现,南曲/雙調/引子,,,12
897,金珑璁,南曲/雙調/引子,,,52
898,捣练子,南曲/雙調/引子,,,0
899,胡捣练,南曲/雙調/引子,,,2
900,风入松慢,南曲/雙調/引子,,,12
901,海棠春,南曲/雙調/引子,,,29
902,夜行船,南曲/雙調/引子,日停舟,或名〔日停舟〕，非。,1
903,夜游湖,南曲/雙調/引子,,,7
904,四国朝,南曲/雙調/引子,,,2
905,玉井莲,南曲/雙調/引子,,,12
906,新水令,南曲/雙調/引子,,,1
907,五供养,南曲/雙調/引子,,,1
908,贺圣朝,南曲/雙調/引子,,,1
909,秋蕊香,南曲/雙調/引子,,「蕊」或作「叶」，非。,11
910,船入荷花莲,南曲/雙調/引子,,,1
911,梅花引,南曲/雙調/引子,,,1
912,昼锦堂,南曲/雙調/過曲,,,1
913,红林檎,南曲/雙調/過曲,,,3
914,锦堂月,南曲/雙調/過曲,,此犯仙吕入双调。,103
915,醉公子,南曲/雙調/過曲,醉翁子,「公」坊本作「翁」，非。,1
916,侥侥令,南曲/雙調/過曲,彩旗兒,即〔彩旗儿〕，与正宫〔彩旗儿〕不同。,95
917,醉侥侥,南曲/雙調/過曲,,此犯本宫。,1
918,孝顺歌,南曲/雙調/過曲,,,48
919,锁南枝,南曲/雙調/過曲,,,154
920,二犯孝顺歌,南曲/雙調/過曲,,此犯本宫。,5
921,孝南枝,南曲/雙調/過曲,孝南歌,即〔孝南歌〕。此犯本宫。,19
922,孝顺儿,南曲/雙調/過曲,,此犯仙吕入双调。,2
923,红林檎慢,南曲/雙調/慢詞,,,0
924,泛兰舟,南曲/雙調/慢詞,蘭舟近,疑即〔兰舟近〕。,1
925,两蝴蝶,南曲/雙調/近詞,雙蝴蝶,又名〔双蝴蝶〕。,5
926,赛红娘,南曲/雙調/近詞,,,2
927,武陵春,南曲/雙調/近詞,,「春」或作「花」。,1
928,尾声总论,南曲/雙調,,,0
929,桂花遍南枝,南曲/仙呂入雙調/過曲,,此仙吕、双调合成本调曲也。,2
930,柳摇金,南曲/仙呂入雙調/過曲,,,16
931,柳摇金犯,南曲/仙呂入雙調/過曲,,或无「犯」字，非。,1
932,四块金,南曲/仙呂入雙調/過曲,淘金令,或即作〔淘金令〕，非。,1
933,淘金令,南曲/仙呂入雙調/過曲,,此犯本宫。,1
934,金风曲,南曲/仙呂入雙調/過曲,,此犯南吕。,2
935,五马江儿水,南曲/仙呂入雙調/過曲,,,5
936,江头金桂,南曲/仙呂入雙調/過曲,,此犯本宫及仙吕。,43
937,二犯江儿水,南曲/仙呂入雙調/過曲,,,25
938,金犯令,南曲/仙呂入雙調/過曲,,此犯本宫。,1
939,月上海棠,南曲/仙呂入雙調/過曲,,,1
940,海棠醉东风,南曲/仙呂入雙調/過曲,,此犯本宫。,3
941,姐姐插海棠,南曲/仙呂入雙調/過曲,,此犯本宫。,2
942,玉枝带六么,南曲/仙呂入雙調/過曲,,此犯本宫。,3
943,拨棹入江水,南曲/仙呂入雙調/過曲,,此犯本宫。,3
944,园林带侥侥,南曲/仙呂入雙調/過曲,,此入双调。,3
945,三月海棠,南曲/仙呂入雙調/過曲,,,3
946,摊破金字令,南曲/仙呂入雙調/過曲,,或无「摊破」二字。,1
947,夜雨打梧桐,南曲/仙呂入雙調/過曲,,,3
948,金水令,南曲/仙呂入雙調/過曲,,,1
949,朝天歌,南曲/仙呂入雙調/過曲,朝元令,或作〔朝元令〕，非。,1
950,娇莺儿,南曲/仙呂入雙調/過曲,,与〔朝天歌〕相似，恐是一调二名。,1
951,朝元令,南曲/仙呂入雙調/過曲,,「令」字或作「歌」，非。此犯本调。,1
952,风云会四朝元,南曲/仙呂入雙調/過曲,,此犯仙吕、中吕、南吕及本调。,8
953,柳梢青,南曲/仙呂入雙調/過曲,,,1
954,古江儿水,南曲/仙呂入雙調/過曲,古江水兒,向作〔古江水儿〕。,4
955,销金帐,南曲/仙呂入雙調/過曲,,,21
956,锦法经,南曲/仙呂入雙調/過曲,,,1
957,灞陵桥,南曲/仙呂入雙調/過曲,,,6
958,叠字锦,南曲/仙呂入雙調/過曲,,,2
959,山东刘衮,南曲/仙呂入雙調/過曲,,,1
960,雌雄画眉,南曲/仙呂入雙調/過曲,,,1
961,夜行船序,南曲/仙呂入雙調/過曲,花心動序,或作〔花心动序〕。,3
962,晓行序,南曲/仙呂入雙調/過曲,,「晓」或作「夜」。,5
963,黑蟆序,南曲/仙呂入雙調/過曲,,,5
964,惜奴娇,南曲/仙呂入雙調/過曲,,,1
965,锦衣香,南曲/仙呂入雙調/過曲,,,40
966,浆水令,南曲/仙呂入雙調/過曲,,,42
967,嘉庆子,南曲/仙呂入雙調/過曲,,,11
968,尹令,南曲/仙呂入雙調/過曲,,,8
969,品令,南曲/仙呂入雙調/過曲,,,10
970,豆叶黄,南曲/仙呂入雙調/過曲,,,3
971,川豆叶,南曲/仙呂入雙調/過曲,,,1
972,六么令,南曲/仙呂入雙調/過曲,,,3
973,六么梧叶,南曲/仙呂入雙調/過曲,,此犯商调。,1
974,六么姐儿,南曲/仙呂入雙調/過曲,錦葉兒,此犯本宫及商调。或作〔锦叶儿〕。,3
975,二犯六么令,南曲/仙呂入雙調/過曲,,,1
976,福青歌,南曲/仙呂入雙調/過曲,,,6
977,窣地锦裆,南曲/仙呂入雙調/過曲,,,57
978,哭岐婆,南曲/仙呂入雙調/過曲,,,16
979,双劝酒,南曲/仙呂入雙調/過曲,,,35
980,字字双,南曲/仙呂入雙調/過曲,,,45
981,三棒鼓,南曲/仙呂入雙調/過曲,,,4
982,破金歌,南曲/仙呂入雙調/過曲,,,1
983,柳絮飞,南曲/仙呂入雙調/過曲,,,7
984,普贤歌,南曲/仙呂入雙調/過曲,,,50
985,雁儿舞,南曲/仙呂入雙調/過曲,,,2
986,打球场,南曲/仙呂入雙調/過曲,,今人唱此曲作引子，谬甚。,2
987,倒拖船,南曲/仙呂入雙調/過曲,,,10
988,风入松犯,南曲/仙呂入雙調/過曲,,,1
989,风送娇音,南曲/仙呂入雙調/過曲,風送蟬聲,此犯本宫。或作〔风送蝉声〕。,1
990,好姐姐,南曲/仙呂入雙調/過曲,,,102
991,姐姐带侥侥,南曲/仙呂入雙調/過曲,,此犯双调。,1
992,金娥神曲,南曲/仙呂入雙調/過曲,,或无「曲」字。,1
993,桃红菊,南曲/仙呂入雙調/過曲,鶯踏花,又名〔莺踏花〕。,6
994,一机锦,南曲/仙呂入雙調/過曲,,,1
995,锦上花,南曲/仙呂入雙調/過曲,,,3
996,步步娇,南曲/仙呂入雙調/過曲,,《旧谱》增一「近」字，非也。,21
997,忒忒令,南曲/仙呂入雙調/過曲,,,35
998,沈醉东风,南曲/仙呂入雙調/過曲,,,80
999,沈醉海棠,南曲/仙呂入雙調/過曲,,此犯本宫。,4
1000,园林好,南曲/仙呂入雙調/過曲,,,122
1001,园林沈醉,南曲/仙呂入雙調/過曲,,此犯本宫。,1
1002,江儿水,南曲/仙呂入雙調/過曲,,,19
1003,江儿拨棹,南曲/仙呂入雙調/過曲,,此犯本宫。,1
1004,五供养,南曲/仙呂入雙調/過曲,,,1
1005,五枝供,南曲/仙呂入雙調/過曲,,此犯本宫。,1
1006,二犯五供养,南曲/仙呂入雙調/過曲,,,1
1007,玉交枝,南曲/仙呂入雙調/過曲,,,6
1008,玉抱肚,南曲/仙呂入雙調/過曲,,「抱」或作「胞」，非。,15
1009,玉肚交,南曲/仙呂入雙調/過曲,,此犯本宫。,1
1010,玉山供,南曲/仙呂入雙調/過曲,,此犯本宫。,3
1011,玉雁子,南曲/仙呂入雙調/過曲,,「子」或作「儿」。此犯正宫。,1
1012,川拨棹,南曲/仙呂入雙調/過曲,,,3
1013,絮婆婆,南曲/仙呂入雙調/過曲,,,1
1014,元卜算,南曲/仙呂入雙調/過曲,,,2
1015,十二娇,南曲/仙呂入雙調/過曲,,,2
1016,玉劄子,南曲/仙呂入雙調/過曲,,,2
1017,流拍,南曲/仙呂入雙調/過曲,,,1
1018,松下乐,南曲/仙呂入雙調/過曲,,,1
1019,宴蟠桃,南曲/不知宮調/引子,,,2
1020,三叠引,南曲/不知宮調/引子,,,3
1021,甲马引,南曲/不知宮調/引子,,,1
1022,牧犊歌,南曲/不知宮調/引子,,,1
1023,帝台春,南曲/不知宮調/引子,,,1
1024,西河柳,南曲/不知宮調/引子,,,1
1025,接云鹤,南曲/不知宮調/引子,,,7
1026,颗颗珠,南曲/不知宮調/引子,,,4
1027,烧夜香,南曲/不知宮調/過曲,,,4
1028,犯胡兵,南曲/不知宮調/過曲,,「犯」或作「征」。,5
1029,三仙桥,南曲/不知宮調/過曲,,,12
1030,风帖儿,南曲/不知宮調/過曲,,,5
1031,柳穿鱼,南曲/不知宮調/過曲,,坊本《琵琶记》或失此曲。,2
1032,四换头,南曲/不知宮調/過曲,,,1
1033,恁麻郎,南曲/不知宮調/過曲,,,2
1034,货郎儿,南曲/不知宮調/過曲,,与前曲大同小异。,1
1035,十棒鼓,南曲/不知宮調/過曲,,,1
1036,小引,南曲/不知宮調/過曲,,,2
1037,望妆台,南曲/不知宮調/過曲,,,1
1038,搅群羊,南曲/不知宮調/過曲,,疑是〔金梧桐〕带〔山坡羊〕。,3
1039,七贤过关,南曲/不知宮調/過曲,,,5
1040,多娇面,南曲/不知宮調/過曲,,,3
1041,二犯朝天子,南曲/不知宮調/過曲,,,3
1042,水唐歌,南曲/不知宮調/過曲,,,1
1043,川鲍老,南曲/不知宮調/過曲,,,2
1044,清商七犯,南曲/不知宮調/過曲,,,1
1045,鹤翀天,南曲/不知宮調/過曲,,,1
1046,鹅鸭满渡船,南曲/不知宮調/過曲,,,3
1047,赤马儿,南曲/不知宮調/過曲,,,1
1048,拗芝麻,南曲/不知宮調/過曲,,与仙吕不同。,1
1049,一秤金,南曲/不知宮調/過曲,,,1
1050,撼动山,南曲/不知宮調/過曲,,,1
1051,中都悄,南曲/不知宮調/過曲,,,1
1052,骏甲马,南曲/不知宮調/過曲,,,1
1053,满院榴花,南曲/不知宮調/過曲,,,1
1054,红叶儿,南曲/不知宮調/過曲,,,1
1055,小措大,南曲/不知宮調/過曲,,似可入仙吕。,4
1056,桃花红,南曲/不知宮調/過曲,,,1
1057,步金莲,南曲/不知宮調/過曲,,,1
1058,疏影,南曲/不知宮調/過曲,,,1
1059,六犯清音,南曲/不知宮調/過曲,,,13
1060,七犯玲珑,南曲/不知宮調/過曲,,,8
1061,薄媚曲破,南曲/不知宮調/過曲,,有似入破而微不同。,1
1062,三十腔,南曲/不知宮調/過曲,,,1
1063,九回肠,南曲/不知宮調/過曲,,,5
1064,巫山十二峰,南曲/不知宮調/過曲,,,2
1065,汉东山,北曲/正宮,,,1
1066,绿么遍,北曲/正宮,,,1
1067,干荷叶,北曲/南呂宮,,,1
1068,霜角,北曲/越調,,,0
1069,凉亭乐,北曲/商調,,,2
1070,时新乐,北曲/不知宮調,,,1
1071,三棒鼓声频,北曲/不知宮調,,,1
1072,丰年乐,北曲/不知宮調,,,1
