name,dynasty,begin_year,end_year
后元,汉朝,-88,-87
中元,汉朝,-149,-144
建元,南北朝,479,482
元光,金朝,1222,1223
元朔,汉朝,-128,-123
元狩,汉朝,-122,-117
元鼎,汉朝,-116,-111
元封,唐朝,,808
太初,南北朝,453,453
天汉,十国,917,917
太始,唐朝,818,818
征和,汉朝,-92,-89
始元,唐朝,910,910
元凤,汉朝,-80,-75
元平,汉朝,-74,-74
本始,汉朝,-73,-70
地节,汉朝,-69,-66
元康,晋朝,291,299
神爵,南北朝,,
五凤,隋朝,618,621
甘露,唐朝,926,936
黄龙,唐朝,761,761
初元,汉朝,-48,-44
永光,南北朝,455,455
建昭,汉朝,-38,-34
竟宁,汉朝,-33,-33
建始,十六国,397,397
河平,汉朝,-28,-25
阳朔,汉朝,-24,-21
鸿嘉,汉朝,-20,-17
永始,晋朝,403,404
元延,汉朝,-12,-9
绥和,汉朝,-8,-7
建平,南北朝,508,508
太初元将,汉朝,-5,-5
元寿,宋朝,,1204
元始,汉朝,1,5
居摄,汉朝,6,8
初始,汉朝,8,8
始建国,汉朝,9,13
天凤,汉朝,14,19
地皇,汉朝,20,23
更始,十六国,409,412
汉复,汉朝,23,34
龙兴,宋朝,1157,1161
建世,汉朝,25,27
建武,南北朝,529,529
建武中元,汉朝,56,57
永平,隋朝,617,618
建初,南北朝,489,496
元和,唐朝,806,820
章和,南北朝,531,548
永元,南北朝,499,501
元兴,清朝,,
延平,十六国,397,397
永初,南北朝,420,422
元初,汉朝,114,120
永宁,明朝,1417,1420
建光,十六国,388,391
延光,汉朝,122,125
永建,十六国,420,421
阳嘉,汉朝,132,135
永和,清朝,1721,1721
汉安,汉朝,142,144
建康,晋朝,319,320
永憙,汉朝,145,145
本初,汉朝,146,146
建和,十六国,400,402
和平,南北朝,551,554
元嘉,南北朝,424,453
永兴,清朝,1708,1708
永寿,汉朝,155,158
延熹,汉朝,158,167
永康,南北朝,478,485
建宁,汉朝,168,172
熹平,汉朝,172,178
光和,汉朝,178,184
中平,汉朝,189,189
光熹,汉朝,189,189
昭宁,汉朝,189,189
永汉,南北朝,542,542
初平,汉朝,190,193
兴平,南北朝,486,486
建安,宋朝,1083,1091
延康,元朝,1283,1283
神上,汉朝,,
黄初,三国,220,226
太和,南北朝,477,499
青龙,十六国,398,398
景初,三国,237,239
正始,南北朝,,
嘉平,十六国,408,414
正元,三国,254,256
景元,三国,260,264
咸熙,三国,264,265
绍汉,三国,237,238
章武,三国,221,223
建兴,唐朝,819,830
延熙,十六国,334,334
景耀,三国,258,263
炎兴,三国,263,263
黄武,三国,222,229
嘉禾,三国,232,238
赤乌,三国,238,251
太元,晋朝,376,396
神凤,晋朝,303,303
太平,元朝,1356,1358
永安,西夏,1098,1100
宝鼎,三国,266,269
建衡,三国,269,271
凤凰,十六国,386,386
天册,三国,275,276
天玺,十六国,399,401
天纪,三国,277,280
泰始,南北朝,432,437
咸宁,十六国,399,401
太康,晋朝,280,289
太熙,晋朝,290,290
永熙,南北朝,532,534
太安,宋朝,,
光熙,晋朝,306,306
永嘉,宋朝,,1128
大兴,唐朝,738,794
永昌,清朝,1644,1645
太宁,南北朝,561,562
咸和,唐朝,831,857
咸康,十国,925,925
升平,十六国,363,376
隆和,晋朝,362,363
兴宁,晋朝,363,365
咸安,晋朝,371,372
宁康,晋朝,373,375
隆安,晋朝,397,401
大亨,晋朝,402,402
义熙,南北朝,510,525
元熙,十六国,304,308
天康,南北朝,566,566
永凤,十六国,308,309
河瑞,十六国,309,310
光兴,十六国,310,311
麟嘉,十六国,389,396
汉昌,十六国,318,318
光初,十六国,318,329
平赵,十六国,320,320
晏平,十六国,306,310
玉衡,十六国,311,334
大武,十六国,,
玉恒,十六国,335,338
汉兴,十六国,338,343
嘉宁,十六国,346,347
永乐,明朝,1403,1424
太清,南北朝,547,549
延兴,南北朝,471,476
燕元,十六国,384,386
元玺,十六国,352,357
光寿,十六国,357,359
建熙,十六国,360,370
皇始,南北朝,396,398
寿光,十六国,355,357
延初,十六国,394,394
建昌,南北朝,555,560
黑龙,十六国,374,374
白雀,南北朝,,
皇初,十六国,394,399
弘始,十六国,399,416
长乐,十六国,399,401
光始,十六国,401,406
定鼎,十六国,391,392
燕兴,十六国,384,384
昌平,十六国,386,386
建明,南北朝,506,506
中兴,清朝,1647,1647
建义,南北朝,528,528
建弘,十六国,420,428
永弘,十六国,428,431
龙飞,明朝,,
承康,十六国,,
神鼎,十六国,401,403
弘昌,十六国,402,404
燕平,十六国,398,400
太上,十六国,405,410
庚子,十六国,400,404
嘉兴,十六国,417,420
龙昇,十六国,407,413
凤翔,十六国,413,418
昌武,十六国,418,419
真兴,十六国,,
承光,南北朝,577,577
胜光,十六国,428,431
太兴,十六国,431,436
神玺,十六国,397,399
玄始,十六国,412,428
承玄,十六国,428,431
义和,南北朝,614,619
承阳,十六国,,
缘禾,十六国,,
承和,十六国,433,439
太缘,十六国,,
承平,南北朝,502,509
景平,南北朝,423,424
孝建,南北朝,454,456
大明,唐朝,931,937
景和,南北朝,465,465
泰豫,南北朝,472,472
元徽,南北朝,473,477
昇明,南北朝,477,479
义嘉,南北朝,466,466
永明,南北朝,483,493
隆昌,南北朝,494,494
永泰,唐朝,765,766
天监,南北朝,502,519
普通,南北朝,520,527
大通,南北朝,527,529
中大通,南北朝,529,534
大同,清朝,1932,1934
中大同,南北朝,546,547
大宝,明朝,1565,1566
天正,清朝,1648,1648
承圣,南北朝,552,555
天成,十国,929,930
绍泰,南北朝,555,556
上愿,南北朝,535,535
天德,清朝,1853,1853
正平,隋朝,617,618
天启,明朝,1621,1627
大定,元朝,,
天保,南北朝,550,559
广运,西夏,1034,1036
永定,南北朝,557,559
天嘉,南北朝,560,566
光大,南北朝,567,568
太建,南北朝,569,582
至德,宋朝,,
祯明,南北朝,587,589
建国,南北朝,338,376
登国,南北朝,386,396
天兴,金朝,1147,1147
天赐,金朝,1214,1214
神瑞,南北朝,414,416
泰常,南北朝,416,423
始光,南北朝,424,428
神䴥,南北朝,428,431
延和,唐朝,712,712
太延,南北朝,435,440
太平真君,南北朝,440,451
兴安,南北朝,452,454
兴光,南北朝,454,455
天安,南北朝,466,467
皇兴,南北朝,467,471
承明,南北朝,476,476
景明,南北朝,500,504
延昌,南北朝,561,601
熙平,南北朝,516,518
神龟,南北朝,518,520
正光,南北朝,520,525
孝昌,南北朝,525,528
武泰,南北朝,528,528
普泰,南北朝,531,531
太昌,南北朝,532,532
圣君,南北朝,471,471
圣明,宋朝,1042,1042
大乘,南北朝,515,515
真王,南北朝,525,528
天建,南北朝,524,527
神嘉,南北朝,525,535
鲁兴,南北朝,526,526
始建,南北朝,,
广安,宋朝,1077,1080
天授,宋朝,1096,1096
隆绪,南北朝,527,528
天统,元朝,1363,1366
神兽,南北朝,528,530
孝基,南北朝,529,529
更兴,南北朝,530,532
天平,南北朝,534,537
元象,南北朝,538,539
兴和,南北朝,539,542
武定,南北朝,,
平都,南北朝,536,536
大统,南北朝,535,551
乾明,南北朝,560,560
皇建,西夏,1210,1211
河清,南北朝,562,565
武平,南北朝,578,578
隆化,南北朝,576,576
德昌,南北朝,576,576
安太,南北朝,,
武成,十国,908,910
保定,南北朝,561,565
天和,南北朝,566,572
建德,宋朝,,1171
宣政,南北朝,578,578
大成,南北朝,579,579
大象,南北朝,579,580
石平,南北朝,577,577
始平,南北朝,506,507
重光,南北朝,620,623
延寿,南北朝,624,640
开皇,隋朝,581,600
仁寿,宋朝,1227,1238
大业,隋朝,605,618
义宁,隋朝,617,618
皇泰,隋朝,618,619
白鸟,隋朝,613,613
大世,隋朝,614,614
昌达,隋朝,615,619
始兴,唐朝,618,624
丁丑,隋朝,617,618
秦兴,隋朝,617,618
鸣凤,隋朝,617,621
安乐,隋朝,617,619
通圣,隋朝,617,617
永隆,十国,939,944
武德,唐朝,618,626
贞观,西夏,1101,1113
永徽,唐朝,650,655
显庆,唐朝,656,661
龙朔,唐朝,661,663
麟德,唐朝,664,665
乾封,唐朝,666,668
总章,唐朝,668,670
咸亨,唐朝,670,674
上元,唐朝,784,784
仪凤,唐朝,676,679
调露,唐朝,679,680
开耀,唐朝,681,682
永淳,唐朝,682,683
弘道,唐朝,683,683
嗣圣,唐朝,684,684
文明,唐朝,684,684
光宅,唐朝,684,684
垂拱,唐朝,685,688
载初,唐朝,757,757
如意,唐朝,692,692
长寿,唐朝,769,779
延载,唐朝,694,694
证圣,唐朝,695,695
天册万岁,唐朝,695,695
万岁登封,唐朝,695,696
万岁通天,唐朝,696,697
神功,唐朝,697,697
圣历,唐朝,698,700
久视,唐朝,700,701
大足,唐朝,701,701
长安,唐朝,701,704
神龙,唐朝,705,707
景龙,唐朝,707,710
唐隆,唐朝,710,710
景云,唐朝,710,712
太极,唐朝,712,712
先天,唐朝,712,713
开元,唐朝,713,741
天宝,十国,908,912
乾元,唐朝,758,760
宝应,唐朝,762,763
广德,清朝,1673,1680
大历,宋朝,,
建中,唐朝,780,783
兴元,唐朝,784,784
贞元,金朝,1153,1156
永贞,宋朝,1148,1148
永新,唐朝,820,820
长庆,唐朝,821,824
宝历,唐朝,774,774
大和,十国,929,935
开成,唐朝,836,840
会昌,唐朝,841,846
大中,唐朝,847,860
咸通,唐朝,860,874
乾符,唐朝,874,879
广明,宋朝,986,986
中和,唐朝,881,885
光启,唐朝,885,888
文德,宋朝,938,938
龙纪,唐朝,889,889
大顺,明朝,1644,1646
景福,辽朝,1031,1032
乾宁,唐朝,894,898
光化,唐朝,898,901
天复,辽朝,1123,1123
天祐,元朝,1354,1357
天寿,五代,999,1001
法轮,唐朝,618,618
开明,唐朝,619,621
明政,宋朝,969,985
天造,唐朝,622,623
天明,清朝,1781,1789
乾德,宋朝,963,968
进通,唐朝,623,623
中元克复,唐朝,710,710
圣武,唐朝,756,757
应天,西夏,1206,1209
顺天,清朝,1860,1864
显圣,唐朝,761,763
正德,明朝,1506,1521
宝胜,唐朝,762,763
天皇,唐朝,784,784
罗平,宋朝,1179,1179
王霸,唐朝,878,880
金统,唐朝,880,884
建贞,唐朝,886,886
彝泰,唐朝,815,838
仁安,唐朝,720,737
正历,唐朝,795,809
永德,唐朝,810,812
朱雀,唐朝,813,817
赞普钟,唐朝,752,768
见龙,唐朝,780,783
应道,唐朝,809,809
全义,唐朝,816,819
大丰,唐朝,820,823
保和,唐朝,824,839
建极,唐朝,860,877
贞明,十国,915,921
承智,唐朝,,
嵯耶,唐朝,889,897
安国,唐朝,903,909
天瑞景星,唐朝,,
安和,唐朝,,
贞祐,金朝,1213,1217
初历,唐朝,,926
天应,唐朝,927,927
尊圣,唐朝,928,929
兴圣,唐朝,930,930
鼎新,唐朝,,
光圣,唐朝,,
安国圣治,唐朝,,
开平,十国,909,911
乾化,十国,911,915
凤历,宋朝,1200,1200
龙德,十国,921,923
同光,十国,924,926
长兴,十国,930,933
应顺,十国,934,934
清泰,十国,934,936
天福,五代,936,947
开运,西夏,1034,1034
乾祐,西夏,1170,1193
广顺,十国,951,953
显德,五代,959,960
同庆,五代,912,966
天尊,五代,967,977
武义,十国,919,921
顺义,十国,921,927
乾贞,宋朝,1176,1176
天祚,十国,935,937
昇元,十国,937,943
保大,辽朝,1121,1125
交泰,十国,958,962
建隆,宋朝,960,963
开宝,宋朝,968,976
宝大,十国,924,925
宝正,十国,926,931
广初,十国,,
正明,十国,,
太平兴国,宋朝,976,984
龙启,十国,933,934
通文,十国,936,939
乾亨,辽朝,979,983
白龙,十国,925,928
大有,十国,928,942
光天,十国,918,918
应乾,十国,943,943
乾和,十国,943,958
通正,十国,916,916
明德,宋朝,,
广政,十国,938,965
天会,金朝,1123,1137
雍熙,宋朝,984,987
端拱,宋朝,988,989
淳化,宋朝,990,994
至道,宋朝,995,997
咸平,宋朝,998,1003
景德,宋朝,1004,1007
大中祥符,宋朝,1008,1016
天禧,辽朝,1178,1211
乾兴,宋朝,,
天圣,宋朝,1023,1032
明道,宋朝,1032,1033
景祐,宋朝,1034,1038
宝元,宋朝,1038,1040
康定,宋朝,1040,1041
庆历,宋朝,1041,1048
皇祐,宋朝,1049,1054
至和,宋朝,1054,1056
嘉祐,宋朝,1056,1063
治平,元朝,1351,1355
熙宁,宋朝,1068,1077
元丰,宋朝,1078,1085
元祐,宋朝,1086,1094
绍圣,宋朝,1094,1098
元符,宋朝,1098,1100
建中靖国,宋朝,1101,1101
崇宁,宋朝,1102,1106
大观,宋朝,1107,1110
政和,宋朝,1111,1118
重和,宋朝,1118,1119
宣和,宋朝,1119,1126
靖康,宋朝,1126,1127
应运,宋朝,994,994
化顺,宋朝,1000,1000
得圣,宋朝,1047,1048
景瑞,宋朝,1049,1052
启历,宋朝,1052,1053
端懿,宋朝,,
隆兴,宋朝,1163,1164
建炎,宋朝,1127,1130
绍兴,辽朝,1151,1163
乾道,西夏,1067,1068
纯熙,宋朝,1174,1174
淳熙,宋朝,1174,1189
绍熙,宋朝,1190,1194
庆元,宋朝,1195,1200
嘉泰,宋朝,1201,1204
开禧,宋朝,1205,1207
嘉定,宋朝,1208,1224
宝庆,西夏,,
绍定,宋朝,1228,1233
端平,宋朝,1234,1236
嘉熙,宋朝,1237,1240
淳祐,宋朝,1241,1252
宝祐,宋朝,1253,1258
开庆,宋朝,1259,1259
景定,宋朝,1260,1264
咸淳,宋朝,1265,1274
德祐,宋朝,1275,1276
景炎,宋朝,1276,1278
祥兴,元朝,1283,1284
明受,宋朝,1129,1129
天载,宋朝,1130,1130
正法,宋朝,,
人知,宋朝,,
阜昌,宋朝,1130,1137
大圣天王,宋朝,1133,1135
庚戌,宋朝,,
转运,宋朝,1207,1207
重德,辽朝,,
天战,宋朝,,
天定,清朝,1644,1644
神武,宋朝,,944
文经,宋朝,945,945
至治,元朝,1321,1323
顺德,明朝,1519,1519
明统,宋朝,,
明圣,宋朝,,
明治,清朝,1868,1912
明法,宋朝,,
明应,宋朝,1006,1006
明运,宋朝,,1009
明启,宋朝,1010,1022
明通,宋朝,1023,1026
正治,元朝,1297,1297
保安,宋朝,1045,1052
政安,宋朝,1053,1053
保德,宋朝,,1074
明侯,宋朝,,
上德,宋朝,1076,1076
上明,宋朝,1081,1081
保立,宋朝,1082,1082
上治,宋朝,1095,1095
明开,宋朝,1097,1103
天政,宋朝,1103,1104
文安,宋朝,1104,1108
日新,宋朝,1109,1110
文治,宋朝,1110,1110
保天,宋朝,1129,1137
盛明,宋朝,1162,1162
利贞,宋朝,1172,1175
盛德,宋朝,1176,1180
嘉会,宋朝,1181,1184
元亨,宋朝,1185,1195
定安,宋朝,1195,1200
亨时,宋朝,,
天开,宋朝,1205,1225
天辅,金朝,1117,1123
道隆,宋朝,1239,1251
兴正,宋朝,,
大本,宋朝,,
钟元,宋朝,,
隆德,宋朝,,
永道,宋朝,,
神册,辽朝,916,922
天赞,辽朝,922,926
天显,辽朝,926,938
会同,辽朝,938,947
天禄,辽朝,947,951
应历,辽朝,951,969
保宁,辽朝,969,979
统和,辽朝,983,1012
开泰,辽朝,1012,1021
重熙,辽朝,1032,1055
清宁,辽朝,1055,1064
咸雍,辽朝,1065,1074
大康,清朝,1797,1797
大安,金朝,1209,1211
寿昌,辽朝,1095,1101
乾统,辽朝,1101,1110
天庆,西夏,1194,1206
建福,辽朝,1122,1122
德兴,辽朝,1122,1122
神历,辽朝,1123,1123
隆基,辽朝,1116,1116
天嗣,辽朝,1123,1123
延庆,辽朝,1124,1124
康国,辽朝,1134,1143
咸清,辽朝,1144,1150
感天,辽朝,,
续兴,辽朝,,
穆兴,辽朝,,
崇福,辽朝,1164,1177
皇德,辽朝,,
显道,西夏,1032,1034
大庆,清朝,1665,1665
天授礼法延祚,西夏,1038,1048
广熙,西夏,,
广民,西夏,,
延嗣宁国,西夏,1049,1049
天祐垂圣,西夏,1050,1052
福圣承道,西夏,1053,1056
奲都,西夏,1057,1062
拱化,西夏,1063,1067
天赐礼盛国庆,西夏,1069,1074
天安礼定,西夏,1086,1086
西安,西夏,,
天仪治平,西夏,1086,1089
天祐民安,西夏,1090,1097
雍宁,西夏,1114,1118
元德,西夏,1119,1127
大德,元朝,1297,1307
人庆,西夏,1144,1148
天盛,西夏,1149,1169
光定,西夏,1211,1223
乾定,西夏,1223,1226
宝义,西夏,1226,1227
广僖,西夏,,
清平,西夏,,
收国,金朝,1115,1116
天眷,金朝,1138,1140
皇统,金朝,1141,1149
正隆,金朝,1156,1161
兴庆,金朝,,
明昌,金朝,1190,1196
承安,金朝,1196,1200
泰和,金朝,1201,1208
崇庆,金朝,1212,1213
至宁,金朝,1213,1213
兴定,金朝,1217,1222
正大,金朝,1224,1231
开兴,金朝,1232,1232
盛昌,金朝,,
身圣,金朝,1196,1196
元统,元朝,1333,1335
天顺,清朝,1661,1661
天泰,金朝,1215,1223
兴隆,金朝,1216,1217
天威,金朝,1216,1216
中统,元朝,1260,1264
至元,元朝,1335,1340
元贞,元朝,1295,1297
至大,元朝,1308,1311
皇庆,元朝,1312,1313
延祐,元朝,1314,1320
泰定,明朝,1448,1449
致和,元朝,1328,1328
天历,元朝,1328,1330
至顺,元朝,1330,1333
至正,元朝,1341,1370
宣光,元朝,1371,1379
天元,元朝,1379,1388
万乘,元朝,1280,1280
昌泰,元朝,1281,1281
安定,元朝,1289,1289
赤符,元朝,1337,1337
正朔,元朝,,
龙凤,明朝,1397,1397
大义,元朝,1360,1363
德寿,元朝,1363,1364
开熙,元朝,1367,1371
吴,明朝,1367,1368
洪武,明朝,1619,1619
建文,明朝,1399,1402
洪熙,明朝,1425,1425
宣德,明朝,1426,1435
正统,明朝,1436,1449
景泰,明朝,1450,1457
成化,明朝,1465,1487
弘治,明朝,1488,1505
嘉靖,明朝,1522,1566
隆庆,明朝,1567,1572
万历,明朝,1573,1620
泰昌,明朝,1620,1621
崇祯,明朝,1628,1644
义兴,明朝,1644,1644
弘光,明朝,1645,1645
隆武,清朝,1647,1647
绍武,明朝,1646,1646
兴业,明朝,1645,1645
监国,明朝,1646,1653
定武,明朝,1646,1663
永历,清朝,1647,1647
东武,明朝,1648,1648
建阳,明朝,1896,1906
隆熙,明朝,1907,1910
永天,明朝,1420,1420
东阳,明朝,1449,1450
玄元,明朝,1451,1451
添元,明朝,1453,1457
天绣,明朝,1457,1457
武烈,明朝,,
德胜,明朝,1465,1466
明正,明朝,,
平定,明朝,,
天渊,明朝,1546,1546
造历,明朝,,
真混,明朝,1619,1619
瑞应,明朝,1621,1621
玄静,明朝,1622,1622
大成兴胜,明朝,1622,1622
兴武,明朝,1635,1635
天运,清朝,1853,1855
义武,明朝,,
圆明大宝,明朝,,
宏闰,明朝,,
涌安,明朝,,
天命,清朝,1616,1626
天聪,清朝,1627,1636
崇德,清朝,1636,1643
顺治,清朝,1644,1661
康熙,清朝,1662,1722
雍正,清朝,1723,1735
乾隆,清朝,1736,1795
嘉庆,清朝,1796,1820
道光,清朝,1821,1850
咸丰,清朝,1851,1861
同治,清朝,1862,1874
光绪,清朝,1875,1908
宣统,清朝,1917,1917
重兴,清朝,1644,1644
清光,清朝,1645,1645
兴朝,清朝,,
昭武,清朝,1678,1678
利用,清朝,,
洪化,清朝,1678,1681
裕民,清朝,,
文兴,清朝,1704,1704
万利,清朝,1797,1797
晏朝,清朝,1814,1814
太平天国,清朝,1851,1864
洪顺,清朝,1853,1853
江汉,清朝,,
洪德,清朝,1855,1864
天纵,清朝,1860,1863
嗣统,清朝,1864,1864
华汉,清朝,,
永清,清朝,1895,1895
大明国,清朝,1902,1902
汉德,清朝,1906,1906
共戴,清朝,1911,1915
洪宪,清朝,1916,1916
通志,清朝,1917,1917
康德,清朝,1934,1945
